-- --------------------------------------------------------
-- Host:                         127.0.0.1
-- Versione server:              10.4.12-MariaDB - mariadb.org binary distribution
-- S.O. server:                  Win64
-- HeidiSQL Versione:            11.0.0.5919
-- --------------------------------------------------------

/*!40101 SET @OLD_CHARACTER_SET_CLIENT=@@CHARACTER_SET_CLIENT */;
/*!40101 SET NAMES utf8 */;
/*!50503 SET NAMES utf8mb4 */;
/*!40014 SET @OLD_FOREIGN_KEY_CHECKS=@@FOREIGN_KEY_CHECKS, FOREIGN_KEY_CHECKS=0 */;
/*!40101 SET @OLD_SQL_MODE=@@SQL_MODE, SQL_MODE='NO_AUTO_VALUE_ON_ZERO' */;


-- Dump della struttura del database pasto_improving
DROP DATABASE IF EXISTS `pasto_improving`;
CREATE DATABASE IF NOT EXISTS `pasto_improving` /*!40100 DEFAULT CHARACTER SET latin1 */;
USE `pasto_improving`;

-- Dump della struttura di tabella pasto_improving.condimento
DROP TABLE IF EXISTS `condimento`;
CREATE TABLE IF NOT EXISTS `condimento` (
  `Id` int(11) NOT NULL AUTO_INCREMENT,
  `Nome` varchar(50) DEFAULT NULL,
  `Tempo` int(11) DEFAULT NULL,
  `Descrizione` varchar(50) DEFAULT NULL,
  PRIMARY KEY (`Id`)
) ENGINE=InnoDB AUTO_INCREMENT=16 DEFAULT CHARSET=latin1;

-- Dump dei dati della tabella pasto_improving.condimento: ~15 rows (circa)
DELETE FROM `condimento`;
/*!40000 ALTER TABLE `condimento` DISABLE KEYS */;
INSERT INTO `condimento` (`Id`, `Nome`, `Tempo`, `Descrizione`) VALUES
	(1, 'SGOMBRO', 60, NULL),
	(2, 'BOTTARGA ZUCCHINE', 150, NULL),
	(3, 'MELANZANE', 60, NULL),
	(4, 'CARBONARA GUANCIALE', 110, NULL),
	(5, 'MEDITERRANEO', 70, NULL),
	(6, 'ANGELO NERO', 70, NULL),
	(7, 'PESTO TRAPANESE', 40, NULL),
	(8, 'SALMONE MARINATO', 40, NULL),
	(9, 'CREMA BASILICO', 100, NULL),
	(10, 'LARDO ROSMARINO', 100, NULL),
	(11, 'PESTO DI NOCCIOLE', 120, NULL),
	(12, 'BURRO SALVIA', 30, NULL),
	(13, 'GAMBERI', 60, NULL),
	(14, 'TONNO', 70, NULL),
	(15, 'SALSICCIA ZUCCA', 60, NULL);
/*!40000 ALTER TABLE `condimento` ENABLE KEYS */;

-- Dump della struttura di tabella pasto_improving.ordinazione
DROP TABLE IF EXISTS `ordinazione`;
CREATE TABLE IF NOT EXISTS `ordinazione` (
  `Z_PK` int(11) NOT NULL AUTO_INCREMENT,
  `ZORDERHEADER` int(11) DEFAULT NULL,
  `ZCATEGORYNAME` tinytext DEFAULT NULL,
  `ZNAME` tinytext DEFAULT NULL,
  `DaCondire` bit(1) DEFAULT NULL,
  `Piatto` int(11) DEFAULT NULL,
  `Pasta` int(11) DEFAULT NULL,
  `Condimento` int(11) DEFAULT NULL,
  PRIMARY KEY (`Z_PK`),
  KEY `Z_PK` (`Z_PK`)
) ENGINE=InnoDB AUTO_INCREMENT=25502 DEFAULT CHARSET=latin1;

-- Dump dei dati della tabella pasto_improving.ordinazione: ~1.851 rows (circa)
DELETE FROM `ordinazione`;
/*!40000 ALTER TABLE `ordinazione` DISABLE KEYS */;
INSERT INTO `ordinazione` (`Z_PK`, `ZORDERHEADER`, `ZCATEGORYNAME`, `ZNAME`, `DaCondire`, `Piatto`, `Pasta`, `Condimento`) VALUES
	(21705, 5555, 'LASAGNE', 'LASAGNA VERDURA ', b'0', 5, -1, -1),
	(21706, 5555, 'PASTA FARINE SPECIALI', 'FARINA DI CASTAGNE', b'1', -1, 11, 10),
	(21708, 5556, 'GRANI ANTICHI', 'PASTA FARRO ', b'1', -1, 17, 8),
	(21710, 5556, 'PASTA FARINE SPECIALI', 'PASTA SPIRULINA', b'1', -1, 29, 2),
	(21711, 5556, 'GRANI ANTICHI', 'PASTA SENATORE CAPPELLI', b'1', -1, 28, 6),
	(21713, 5557, 'LASAGNE', 'LASAGNA VERDURA ', b'0', 5, -1, -1),
	(21717, 5557, 'GRANI ANTICHI', 'PASTA SENATORE CAPPELLI', b'1', -1, 28, 6),
	(21718, 5557, 'PASTA FARINE SPECIALI', 'PASTA GRANO ARSO', b'1', -1, 20, 3),
	(21719, 5557, 'GRANI ANTICHI', 'PASTA SENATORE CAPPELLI', b'1', -1, 28, 6),
	(21720, 5557, 'PASTA FARINE SPECIALI', 'PASTA RISO NERONE', b'1', -1, 27, 8),
	(21722, 5557, 'PASTA LEGUMI', 'PASTA LENTICCHIE', b'1', -1, 21, 9),
	(21724, 5557, 'PASTA FARINE SPECIALI', 'FARINA DI CASTAGNE', b'1', -1, 11, 10),
	(21728, 5559, 'AGNOLOTTI', 'AGNOLOTTI PATATE ZENZERO MENTA', b'1', -1, 8, 12),
	(21730, 5559, 'PASTA FARINE SPECIALI', 'PASTA BARBABIETOLA', b'1', -1, 3, 7),
	(21731, 5559, 'GRANI ANTICHI', 'PASTA FARRO ', b'1', -1, 17, 8),
	(21732, 5559, 'GRANI ANTICHI', 'PASTA FARRO ', b'1', -1, 17, 8),
	(21736, 5560, 'PASTA FARINE SPECIALI', 'PASTA SPIRULINA', b'1', -1, 29, 2),
	(21739, 5561, 'PASTA FARINE SPECIALI', 'PASTA GRANO ARSO', b'1', -1, 20, 3),
	(21743, 5562, 'GRANI ANTICHI', 'PASTA FARRO ', b'1', -1, 17, 8),
	(21744, 5563, 'GRANI ANTICHI', 'PASTA FARRO ', b'1', -1, 17, 8),
	(21749, 5564, 'PASTA LEGUMI', 'PASTA CICERCHIE', b'1', -1, 15, 15),
	(21750, 5565, 'PASTA FARINE SPECIALI', 'PASTA BARBABIETOLA', b'1', -1, 3, 7),
	(21751, 5565, 'PASTA FARINE SPECIALI', 'PASTA AMARANTO', b'1', -1, 12, 5),
	(21755, 5566, 'AGNOLOTTI', 'AGNOLOTTI PATATE ZENZERO MENTA', b'1', -1, 8, 12),
	(21756, 5566, 'GRANI ANTICHI', 'PASTA SENATORE CAPPELLI', b'1', -1, 28, 6),
	(21758, 5566, 'PASTA LEGUMI', 'PASTA LENTICCHIE', b'1', -1, 21, 9),
	(21759, 5566, 'AGNOLOTTI', 'AGNOLOTTI PATATE ZENZERO MENTA', b'1', -1, 8, 12),
	(21761, 5566, 'GRANI ANTICHI', 'PASTA FARRO ', b'1', -1, 17, 8),
	(21763, 5567, 'AGNOLOTTI', 'AGNOLOTTI PATATE ZENZERO MENTA', b'1', -1, 8, 12),
	(21764, 5567, 'GRANI ANTICHI', 'PASTA SENATORE CAPPELLI', b'1', -1, 28, 6),
	(21768, 5567, 'PASTA FARINE SPECIALI', 'PASTA GRANO ARSO', b'1', -1, 20, 3),
	(21770, 5568, 'PASTA LEGUMI', 'PASTA LENTICCHIE', b'1', -1, 21, 9),
	(21775, 5569, 'GRANI ANTICHI', 'PASTA FARRO ', b'1', -1, 17, 8),
	(21776, 5569, 'GRANI ANTICHI', 'PASTA SENATORE CAPPELLI', b'1', -1, 28, 6),
	(21779, 5570, 'GRANI ANTICHI', 'PASTA FARRO ', b'1', -1, 17, 8),
	(21780, 5570, 'AGNOLOTTI', 'AGNOLOTTI CAPRINO LIMONE', b'1', -1, 1, 12),
	(21781, 5571, 'GRANI ANTICHI', 'PASTA FARRO ', b'1', -1, 17, 8),
	(21782, 5571, 'AGNOLOTTI', 'AGNOLOTTI CAPRINO LIMONE', b'1', -1, 1, 12),
	(21784, 5571, 'LASAGNE', 'LASAGNE AL RAGU', b'0', 7, -1, -1),
	(21785, 5571, 'PASTA LEGUMI', 'PASTA LENTICCHIE', b'1', -1, 21, 9),
	(21786, 5572, 'GRANI ANTICHI', 'PASTA FARRO ', b'1', -1, 17, 8),
	(21788, 5573, 'PASTA LEGUMI', 'PASTA CICERCHIE', b'1', -1, 15, 15),
	(21790, 5573, 'PASTA FARINE SPECIALI', 'PASTA RISO NERONE', b'1', -1, 27, 8),
	(21792, 5574, 'PASTA LEGUMI', 'PASTA CICERCHIE', b'1', -1, 15, 15),
	(21793, 5574, 'PASTA FARINE SPECIALI', 'PASTA NERO SEPPIA', b'1', -1, 24, 1),
	(21795, 5575, 'PASTA FARINE SPECIALI', 'PASTA SPIRULINA', b'1', -1, 29, 2),
	(21797, 5575, 'PASTA FARINE SPECIALI', 'PASTA BARBABIETOLA', b'1', -1, 3, 7),
	(21799, 5576, 'GRANI ANTICHI', 'PASTA SENATORE CAPPELLI', b'1', -1, 28, 6),
	(21802, 5577, 'GRANI ANTICHI', 'PASTA FARRO ', b'1', -1, 17, 8),
	(21803, 5577, 'PASTA FARINE SPECIALI', 'PASTA GRANO ARSO', b'1', -1, 20, 3),
	(21804, 5577, 'PASTA FARINE SPECIALI', 'PASTA GRANO ARSO', b'1', -1, 20, 3),
	(21805, 5577, 'PASTA FARINE SPECIALI', 'PASTA SPIRULINA', b'1', -1, 29, 2),
	(21806, 5577, 'GRANI ANTICHI', 'PASTA SENATORE CAPPELLI', b'1', -1, 28, 6),
	(21807, 5577, 'PASTA FARINE SPECIALI', 'PASTA SPIRULINA', b'1', -1, 29, 2),
	(21808, 5577, 'LASAGNE', 'LASAGNE AL RAGU', b'0', 7, -1, -1),
	(21809, 5577, 'PASTA FARINE SPECIALI', 'PASTA SPIRULINA', b'1', -1, 29, 2),
	(21812, 5577, 'PASTA FARINE SPECIALI', 'PASTA BARBABIETOLA', b'1', -1, 3, 7),
	(21813, 5577, 'PASTA FARINE SPECIALI', 'PASTA SPIRULINA', b'1', -1, 29, 2),
	(21816, 5578, 'GRANI ANTICHI', 'PASTA SENATORE CAPPELLI', b'1', -1, 28, 6),
	(21817, 5578, 'PASTA FARINE SPECIALI', 'PASTA AMARANTO', b'1', -1, 12, 5),
	(21821, 5579, 'PASTA LEGUMI', 'PASTA LENTICCHIE', b'1', -1, 21, 9),
	(21823, 5580, 'PASTA FARINE SPECIALI', 'PASTA GRANO ARSO', b'1', -1, 20, 3),
	(21824, 5581, 'PASTA LEGUMI', 'PASTA CICERCHIE', b'1', -1, 15, 15),
	(21826, 5582, 'GRANI ANTICHI', 'PASTA SENATORE CAPPELLI', b'1', -1, 28, 6),
	(21830, 5583, 'PASTA FARINE SPECIALI', 'PASTA AMARANTO', b'1', -1, 12, 5),
	(21831, 5583, 'GRANI ANTICHI', 'PASTA FARRO ', b'1', -1, 17, 8),
	(21832, 5583, 'GRANI ANTICHI', 'PASTA FARRO ', b'1', -1, 17, 8),
	(21834, 5585, 'GRANI ANTICHI', 'PASTA FARRO ', b'1', -1, 17, 8),
	(21838, 5586, 'GRANI ANTICHI', 'PASTA FARRO ', b'1', -1, 17, 8),
	(21840, 5587, 'GRANI ANTICHI', 'PASTA FARRO ', b'1', -1, 17, 8),
	(21844, 5588, 'PASTA FARINE SPECIALI', 'PASTA SPIRULINA', b'1', -1, 29, 2),
	(21845, 5589, 'GRANI ANTICHI', 'PASTA FARRO ', b'1', -1, 17, 8),
	(21848, 5590, 'PASTA FARINE SPECIALI', 'PASTA AMARANTO', b'1', -1, 12, 5),
	(21851, 5591, 'GRANI ANTICHI', 'PASTA FARRO ', b'1', -1, 17, 8),
	(21853, 5591, 'GRANI ANTICHI', 'PASTA SENATORE CAPPELLI', b'1', -1, 28, 6),
	(21856, 5592, 'GRANI ANTICHI', 'PASTA FARRO ', b'1', -1, 17, 8),
	(21858, 5593, 'PASTA FARINE SPECIALI', 'PASTA SPIRULINA', b'1', -1, 29, 2),
	(21859, 5593, 'PASTA FARINE SPECIALI', 'PASTA NERO SEPPIA', b'1', -1, 24, 1),
	(21861, 5594, 'GRANI ANTICHI', 'PASTA FARRO ', b'1', -1, 17, 8),
	(21863, 5594, 'LASAGNE', 'LASAGNA FELICINA', b'0', 2, -1, -1),
	(21864, 5595, 'GRANI ANTICHI', 'PASTA SENATORE CAPPELLI', b'1', -1, 28, 6),
	(21868, 5595, 'GRANI ANTICHI', 'PASTA SENATORE CAPPELLI', b'1', -1, 28, 6),
	(21871, 5596, 'AGNOLOTTI', 'AGNOLOTTI RICOTTA PECORA, BORRAGINE, ERBETTE', b'1', -1, 9, 12),
	(21874, 5597, 'PASTA FARINE SPECIALI', 'PASTA BARBABIETOLA', b'1', -1, 3, 7),
	(21875, 5597, 'LASAGNE', 'LASAGNA SALSICCIA PORRI', b'0', 3, -1, -1),
	(21877, 5598, 'AGNOLOTTI', 'AGNOLOTTI RICOTTA SPINACI', b'1', -1, 10, 12),
	(21880, 5598, 'LASAGNE', 'LASAGNA VERDURA ', b'0', 5, -1, -1),
	(21884, 5599, 'GRANI ANTICHI', 'PASTA FARRO ', b'1', -1, 17, 8),
	(21886, 5599, 'PASTA FARINE SPECIALI', 'PASTA SPIRULINA', b'1', -1, 29, 2),
	(21889, 5599, 'LASAGNE', 'LASAGNA SALSICCIA PORRI', b'0', 3, -1, -1),
	(21890, 5599, 'AGNOLOTTI', 'AGNOLOTTI RICOTTA PECORA, BORRAGINE, ERBETTE', b'1', -1, 9, 12),
	(21895, 5600, 'PASTA FARINE SPECIALI', 'PASTA NERO SEPPIA', b'1', -1, 24, 1),
	(21897, 5601, 'PASTA LEGUMI', 'PASTA CICERCHIE', b'1', -1, 15, 15),
	(21898, 5601, 'GRANI ANTICHI', 'PASTA FARRO ', b'1', -1, 17, 8),
	(21910, 5603, 'AGNOLOTTI', 'AGNOLOTTI AMATRICIANO', b'1', -1, 5, 12),
	(21911, 5603, 'GRANI ANTICHI', 'PASTA SENATORE CAPPELLI', b'1', -1, 28, 6),
	(21913, 5603, 'GRANI ANTICHI', 'PASTA FARRO ', b'1', -1, 17, 8),
	(21930, 5607, 'PASTA FARINE SPECIALI', 'PASTA NERO SEPPIA', b'1', -1, 24, 1),
	(21931, 5607, 'GRANI ANTICHI', 'PASTA SENATORE CAPPELLI', b'1', -1, 28, 6),
	(21933, 5608, 'PASTA FARINE SPECIALI', 'PASTA NERO SEPPIA', b'1', -1, 24, 1),
	(21935, 5609, 'LASAGNE', 'LASAGNE AL RAGU', b'0', 7, -1, -1),
	(21937, 5610, 'PASTA FARINE SPECIALI', 'PASTA NERO SEPPIA', b'1', -1, 24, 1),
	(21939, 5611, 'PASTA FARINE SPECIALI', 'PASTA SPIRULINA', b'1', -1, 29, 2),
	(21942, 5612, 'PASTA FARINE SPECIALI', 'PASTA GRANO ARSO', b'1', -1, 20, 3),
	(21947, 5613, 'PASTA FARINE SPECIALI', 'PASTA GRANO ARSO', b'1', -1, 20, 3),
	(21948, 5614, 'LASAGNE', 'LASAGNA FELICINA', b'0', 2, -1, -1),
	(21951, 5615, 'GRANI ANTICHI', 'PASTA FARRO ', b'1', -1, 17, 8),
	(21953, 5615, 'PASTA LEGUMI', 'PASTA LENTICCHIE', b'1', -1, 21, 9),
	(21954, 5615, 'LASAGNE', 'LASAGNA FELICINA', b'0', 2, -1, -1),
	(21955, 5616, 'GRANI ANTICHI', 'PASTA FARRO ', b'1', -1, 17, 8),
	(21958, 5616, 'PASTA FARINE SPECIALI', 'PASTA AMARANTO', b'1', -1, 12, 5),
	(21959, 5616, 'GRANI ANTICHI', 'PASTA FARRO ', b'1', -1, 17, 8),
	(21960, 5616, 'GRANI ANTICHI', 'PASTA SENATORE CAPPELLI', b'1', -1, 28, 6),
	(21961, 5616, 'GRANI ANTICHI', 'PASTA SENATORE CAPPELLI', b'1', -1, 28, 6),
	(21963, 5617, 'GRANI ANTICHI', 'PASTA FARRO ', b'1', -1, 17, 8),
	(21965, 5617, 'PASTA FARINE SPECIALI', 'PASTA NERO SEPPIA', b'1', -1, 24, 1),
	(21967, 5618, 'PASTA FARINE SPECIALI', 'PASTA NERO SEPPIA', b'1', -1, 24, 1),
	(21970, 5618, 'AGNOLOTTI', 'AGNOLOTTI AMATRICIANO', b'1', -1, 5, 12),
	(21972, 5619, 'PASTA FARINE SPECIALI', 'PASTA SPIRULINA', b'1', -1, 29, 2),
	(21973, 5619, 'GRANI ANTICHI', 'PASTA FARRO ', b'1', -1, 17, 8),
	(21975, 5620, 'PASTA FARINE SPECIALI', 'PASTA GRANO ARSO', b'1', -1, 20, 3),
	(21977, 5620, 'PASTA FARINE SPECIALI', 'PASTA SPIRULINA', b'1', -1, 29, 2),
	(21980, 5621, 'PASTA FARINE SPECIALI', 'PASTA AMARANTO', b'1', -1, 12, 5),
	(21981, 5621, 'GRANI ANTICHI', 'PASTA SENATORE CAPPELLI', b'1', -1, 28, 6),
	(21982, 5621, 'PASTA LEGUMI', 'PASTA LENTICCHIE', b'1', -1, 21, 9),
	(21984, 5621, 'PASTA FARINE SPECIALI', 'PASTA NERO SEPPIA', b'1', -1, 24, 1),
	(21989, 5622, 'PASTA FARINE SPECIALI', 'PASTA BARBABIETOLA', b'1', -1, 3, 7),
	(21991, 5622, 'PASTA LEGUMI', 'PASTA CICERCHIE', b'1', -1, 15, 15),
	(21992, 5622, 'PASTA LEGUMI', 'PASTA CICERCHIE', b'1', -1, 15, 15),
	(21994, 5623, 'PASTA FARINE SPECIALI', 'PASTA AMARANTO', b'1', -1, 12, 5),
	(21995, 5624, 'PASTA FARINE SPECIALI', 'PASTA NERO SEPPIA', b'1', -1, 24, 1),
	(21999, 5625, 'AGNOLOTTI', 'AGNOLOTTI PATATE MERLUZZO', b'1', -1, 2, 12),
	(22001, 5626, 'PASTA FARINE SPECIALI', 'PASTA AMARANTO', b'1', -1, 12, 5),
	(22004, 5627, 'GRANI ANTICHI', 'PASTA FARRO ', b'1', -1, 17, 8),
	(22006, 5627, 'PASTA FARINE SPECIALI', 'PASTA BARBABIETOLA', b'1', -1, 3, 7),
	(22007, 5628, 'PASTA FARINE SPECIALI', 'PASTA AMARANTO', b'1', -1, 12, 5),
	(22010, 5628, 'AGNOLOTTI', 'AGNOLOTTI PATATE MERLUZZO', b'1', -1, 2, 12),
	(22011, 5629, 'PASTA FARINE SPECIALI', 'PASTA BARBABIETOLA', b'1', -1, 3, 7),
	(22012, 5629, 'GRANI ANTICHI', 'PASTA FARRO ', b'1', -1, 17, 8),
	(22017, 5630, 'AGNOLOTTI', 'AGNOLOTTI AMATRICIANO', b'1', -1, 5, 12),
	(22020, 5630, 'PASTA FARINE SPECIALI', 'PASTA SPIRULINA', b'1', -1, 29, 2),
	(22021, 5631, 'AGNOLOTTI', 'AGNOLOTTI AI TRE ARROSTI', b'1', -1, 4, 12),
	(22022, 5632, 'PASTA LEGUMI', 'PASTA CICERCHIE', b'1', -1, 15, 15),
	(22027, 5632, 'PASTA FARINE SPECIALI', 'PASTA GRANO ARSO', b'1', -1, 20, 3),
	(22033, 5634, 'PASTA FARINE SPECIALI', 'PASTA NERO SEPPIA', b'1', -1, 24, 1),
	(22034, 5634, 'GRANI ANTICHI', 'PASTA FARRO ', b'1', -1, 17, 8),
	(22036, 5634, 'PASTA FARINE SPECIALI', 'PASTA AMARANTO', b'1', -1, 12, 5),
	(22038, 5634, 'PASTA FARINE SPECIALI', 'PASTA GRANO ARSO', b'1', -1, 20, 3),
	(22040, 5634, 'PASTA FARINE SPECIALI', 'PASTA SPIRULINA', b'1', -1, 29, 2),
	(22041, 5634, 'PASTA FARINE SPECIALI', 'PASTA GRANO ARSO', b'1', -1, 20, 3),
	(22042, 5634, 'PASTA FARINE SPECIALI', 'PASTA BARBABIETOLA', b'1', -1, 3, 7),
	(22050, 5636, 'PASTA LEGUMI', 'PASTA CICERCHIE', b'1', -1, 15, 15),
	(22051, 5636, 'PASTA FARINE SPECIALI', 'PASTA GRANO ARSO', b'1', -1, 20, 3),
	(22057, 5636, 'PASTA LEGUMI', 'PASTA CICERCHIE', b'1', -1, 15, 15),
	(22058, 5636, 'PASTA LEGUMI', 'PASTA LENTICCHIE', b'1', -1, 21, 9),
	(22059, 5636, 'PASTA FARINE SPECIALI', 'PASTA SPIRULINA', b'1', -1, 29, 2),
	(22060, 5636, 'PASTA FARINE SPECIALI', 'PASTA AMARANTO', b'1', -1, 12, 5),
	(22085, 5642, 'GRANI ANTICHI', 'PASTA SENATORE CAPPELLI', b'1', -1, 28, 6),
	(22086, 5642, 'GRANI ANTICHI', 'PASTA SENATORE CAPPELLI', b'1', -1, 28, 6),
	(22088, 5642, 'PASTA FARINE SPECIALI', 'PASTA NERO SEPPIA', b'1', -1, 24, 1),
	(22089, 5642, 'PASTA FARINE SPECIALI', 'PASTA NERO SEPPIA', b'1', -1, 24, 1),
	(22091, 5643, 'PASTA FARINE SPECIALI', 'PASTA SPIRULINA', b'1', -1, 29, 2),
	(22097, 5644, 'PASTA FARINE SPECIALI', 'PASTA SPIRULINA', b'1', -1, 29, 2),
	(22098, 5644, 'GRANI ANTICHI', 'PASTA SENATORE CAPPELLI', b'1', -1, 28, 6),
	(22102, 5645, 'PASTA LEGUMI', 'PASTA CICERCHIE', b'1', -1, 15, 15),
	(22105, 5645, 'GRANI ANTICHI', 'PASTA SENATORE CAPPELLI', b'1', -1, 28, 6),
	(22108, 5646, 'PASTA FARINE SPECIALI', 'PASTA NERO SEPPIA', b'1', -1, 24, 1),
	(22111, 5646, 'GRANI ANTICHI', 'PASTA FARRO ', b'1', -1, 17, 8),
	(22112, 5646, 'PASTA LEGUMI', 'PASTA CICERCHIE', b'1', -1, 15, 15),
	(22114, 5646, 'LASAGNE', 'LASAGNA ZUCCHINE STRACCHINO', b'0', 6, -1, -1),
	(22126, 5649, 'AGNOLOTTI', 'AGNOLOTTI MANTOVANI', b'1', -1, 7, 12),
	(22128, 5650, 'GRANI ANTICHI', 'PASTA FARRO ', b'1', -1, 17, 8),
	(22130, 5651, 'PASTA FARINE SPECIALI', 'FARINA DI CASTAGNE', b'1', -1, 11, 10),
	(22131, 5652, 'PASTA FARINE SPECIALI', 'PASTA NERO SEPPIA', b'1', -1, 24, 1),
	(22134, 5653, 'PASTA FARINE SPECIALI', 'PASTA SPIRULINA', b'1', -1, 29, 2),
	(22137, 5655, 'PASTA FARINE SPECIALI', 'PASTA BARBABIETOLA', b'1', -1, 3, 7),
	(22138, 5655, 'PASTA LEGUMI', 'PASTA LENTICCHIE', b'1', -1, 21, 9),
	(22139, 5655, 'PASTA FARINE SPECIALI', 'FARINA DI CASTAGNE', b'1', -1, 11, 10),
	(22143, 5655, 'PASTA FARINE SPECIALI', 'FARINA DI CASTAGNE', b'1', -1, 11, 10),
	(22146, 5656, 'GRANI ANTICHI', 'PASTA FARRO ', b'1', -1, 17, 8),
	(22147, 5656, 'PASTA FARINE SPECIALI', 'PASTA NERO SEPPIA', b'1', -1, 24, 1),
	(22148, 5657, 'PASTA FARINE SPECIALI', 'PASTA NERO SEPPIA', b'1', -1, 24, 1),
	(22149, 5658, 'LASAGNE', 'LASAGNE AL RAGU', b'0', 7, -1, -1),
	(22153, 5658, 'PASTA FARINE SPECIALI', 'FARINA DI CASTAGNE', b'1', -1, 11, 10),
	(22155, 5659, 'GRANI ANTICHI', 'PASTA SENATORE CAPPELLI', b'1', -1, 28, 6),
	(22157, 5659, 'GRANI ANTICHI', 'PASTA SENATORE CAPPELLI', b'1', -1, 28, 6),
	(22159, 5659, 'GRANI ANTICHI', 'PASTA FARRO ', b'1', -1, 17, 8),
	(22160, 5660, 'PASTA LEGUMI', 'PASTA CICERCHIE', b'1', -1, 15, 15),
	(22162, 5660, 'PASTA FARINE SPECIALI', 'PASTA GRANO ARSO', b'1', -1, 20, 3),
	(22164, 5660, 'GRANI ANTICHI', 'PASTA SENATORE CAPPELLI', b'1', -1, 28, 6),
	(22165, 5661, 'GRANI ANTICHI', 'PASTA FARRO ', b'1', -1, 17, 8),
	(22166, 5661, 'AGNOLOTTI', 'AGNOLOTTI SPECK e PORRI', b'1', -1, 13, 12),
	(22169, 5662, 'PASTA LEGUMI', 'PASTA CECI', b'1', -1, 14, 10),
	(22171, 5662, 'GRANI ANTICHI', 'PASTA SENATORE CAPPELLI', b'1', -1, 28, 6),
	(22172, 5662, 'GRANI ANTICHI', 'PASTA FARRO ', b'1', -1, 17, 8),
	(22175, 5663, 'PASTA FARINE SPECIALI', 'PASTA SPIRULINA', b'1', -1, 29, 2),
	(22177, 5663, 'PASTA LEGUMI', 'PASTA LENTICCHIE', b'1', -1, 21, 9),
	(22179, 5663, 'AGNOLOTTI', 'AGNOLOTTI PATATE MERLUZZO', b'1', -1, 2, 12),
	(22181, 5664, 'GRANI ANTICHI', 'PASTA FARRO ', b'1', -1, 17, 8),
	(22184, 5666, 'GRANI ANTICHI', 'PASTA FARRO ', b'1', -1, 17, 8),
	(22185, 5666, 'PASTA FARINE SPECIALI', 'FARINA DI CASTAGNE', b'1', -1, 11, 10),
	(22186, 5666, 'GRANI ANTICHI', 'PASTA SENATORE CAPPELLI', b'1', -1, 28, 6),
	(22188, 5666, 'PASTA FARINE SPECIALI', 'PASTA BARBABIETOLA', b'1', -1, 3, 7),
	(22192, 5667, 'AGNOLOTTI', 'AGNOLOTTI MANTOVANI', b'1', -1, 7, 12),
	(22200, 5673, 'PASTA FARINE SPECIALI', 'PASTA SPIRULINA', b'1', -1, 29, 2),
	(22202, 5674, 'PASTA FARINE SPECIALI', 'PASTA RISO NERONE', b'1', -1, 27, 8),
	(22203, 5674, 'PASTA FARINE SPECIALI', 'PASTA BARBABIETOLA', b'1', -1, 3, 7),
	(22204, 5674, 'PASTA LEGUMI', 'PASTA CECI', b'1', -1, 14, 10),
	(22205, 5674, 'PASTA FARINE SPECIALI', 'PASTA GRANO ARSO', b'1', -1, 20, 3),
	(22207, 5675, 'PASTA LEGUMI', 'PASTA CECI', b'1', -1, 14, 10),
	(22208, 5675, 'GRANI ANTICHI', 'PASTA SENATORE CAPPELLI', b'1', -1, 28, 6),
	(22210, 5676, 'GRANI ANTICHI', 'PASTA SENATORE CAPPELLI', b'1', -1, 28, 6),
	(22212, 5676, 'PASTA FARINE SPECIALI', 'PASTA RISO NERONE', b'1', -1, 27, 8),
	(22213, 5676, 'PASTA FARINE SPECIALI', 'PASTA GRANO ARSO', b'1', -1, 20, 3),
	(22214, 5676, 'PASTA FARINE SPECIALI', 'PASTA BARBABIETOLA', b'1', -1, 3, 7),
	(22215, 5677, 'PASTA FARINE SPECIALI', 'PASTA BARBABIETOLA', b'1', -1, 3, 7),
	(22218, 5677, 'PASTA FARINE SPECIALI', 'PASTA GRANO ARSO', b'1', -1, 20, 3),
	(22220, 5678, 'PASTA FARINE SPECIALI', 'PASTA SPIRULINA', b'1', -1, 29, 2),
	(22222, 5678, 'PASTA LEGUMI', 'PASTA CECI', b'1', -1, 14, 10),
	(22223, 5678, 'PASTA FARINE SPECIALI', 'PASTA BARBABIETOLA', b'1', -1, 3, 7),
	(22226, 5679, 'PASTA FARINE SPECIALI', 'PASTA SPIRULINA', b'1', -1, 29, 2),
	(22230, 5679, 'PASTA FARINE SPECIALI', 'PASTA RISO NERONE', b'1', -1, 27, 8),
	(22231, 5680, 'PASTA FARINE SPECIALI', 'FARINA DI CASTAGNE', b'1', -1, 11, 10),
	(22234, 5681, 'LASAGNE', 'LASAGNA VERDURA ', b'0', 5, -1, -1),
	(22237, 5681, 'PASTA LEGUMI', 'PASTA CECI', b'1', -1, 14, 10),
	(22238, 5681, 'GRANI ANTICHI', 'PASTA FARRO ', b'1', -1, 17, 8),
	(22242, 5682, 'GRANI ANTICHI', 'PASTA FARRO ', b'1', -1, 17, 8),
	(22244, 5682, 'GRANI ANTICHI', 'PASTA SENATORE CAPPELLI', b'1', -1, 28, 6),
	(22246, 5682, 'GRANI ANTICHI', 'PASTA SENATORE CAPPELLI', b'1', -1, 28, 6),
	(22248, 5682, 'GRANI ANTICHI', 'PASTA SENATORE CAPPELLI', b'1', -1, 28, 6),
	(22251, 5683, 'AGNOLOTTI', 'AGNOLOTTI CARMAGNOLA', b'1', -1, 6, 12),
	(22253, 5683, 'GRANI ANTICHI', 'PASTA SENATORE CAPPELLI', b'1', -1, 28, 6),
	(22256, 5684, 'GRANI ANTICHI', 'PASTA SENATORE CAPPELLI', b'1', -1, 28, 6),
	(22257, 5684, 'LASAGNE', 'LASAGNA ZUCCHINE STRACCHINO', b'0', 6, -1, -1),
	(22258, 5684, 'GRANI ANTICHI', 'PASTA SENATORE CAPPELLI', b'1', -1, 28, 6),
	(22261, 5684, 'PASTA FARINE SPECIALI', 'PASTA GRANO ARSO', b'1', -1, 20, 3),
	(22262, 5684, 'GRANI ANTICHI', 'PASTA FARRO ', b'1', -1, 17, 8),
	(22264, 5685, 'GRANI ANTICHI', 'PASTA FARRO ', b'1', -1, 17, 8),
	(22268, 5685, 'GRANI ANTICHI', 'PASTA SENATORE CAPPELLI', b'1', -1, 28, 6),
	(22269, 5686, 'GRANI ANTICHI', 'PASTA FARRO ', b'1', -1, 17, 8),
	(22270, 5686, 'AGNOLOTTI', 'AGNOLOTTI CARMAGNOLA', b'1', -1, 6, 12),
	(22275, 5687, 'LASAGNE', 'LASAGNA VERDURA ', b'0', 5, -1, -1),
	(22276, 5687, 'AGNOLOTTI', 'AGNOLOTTI CARMAGNOLA', b'1', -1, 6, 12),
	(22281, 5687, 'GRANI ANTICHI', 'PASTA FARRO ', b'1', -1, 17, 8),
	(22282, 5688, 'AGNOLOTTI', 'AGNOLOTTI CARMAGNOLA', b'1', -1, 6, 12),
	(22283, 5688, 'AGNOLOTTI', 'AGNOLOTTI CARMAGNOLA', b'1', -1, 6, 12),
	(22284, 5688, 'PASTA FARINE SPECIALI', 'PASTA BARBABIETOLA', b'1', -1, 3, 7),
	(22287, 5688, 'PASTA FARINE SPECIALI', 'FARINA DI CASTAGNE', b'1', -1, 11, 10),
	(22288, 5688, 'PASTA FARINE SPECIALI', 'PASTA BARBABIETOLA', b'1', -1, 3, 7),
	(22291, 5688, 'PASTA FARINE SPECIALI', 'PASTA RISO NERONE', b'1', -1, 27, 8),
	(22292, 5688, 'PASTA FARINE SPECIALI', 'PASTA RISO NERONE', b'1', -1, 27, 8),
	(22294, 5689, 'PASTA FARINE SPECIALI', 'PASTA BARBABIETOLA', b'1', -1, 3, 7),
	(22297, 5690, 'PASTA FARINE SPECIALI', 'FARINA DI CASTAGNE', b'1', -1, 11, 10),
	(22298, 5690, 'PASTA LEGUMI', 'PASTA CECI', b'1', -1, 14, 10),
	(22300, 5690, 'PASTA FARINE SPECIALI', 'PASTA SPIRULINA', b'1', -1, 29, 2),
	(22314, 5694, 'PASTA LEGUMI', 'PASTA CECI', b'1', -1, 14, 10),
	(22315, 5694, 'PASTA FARINE SPECIALI', 'PASTA RISO NERONE', b'1', -1, 27, 8),
	(22317, 5694, 'PASTA FARINE SPECIALI', 'PASTA GRANO ARSO', b'1', -1, 20, 3),
	(22320, 5694, 'GRANI ANTICHI', 'PASTA FARRO ', b'1', -1, 17, 8),
	(22326, 5696, 'PASTA FARINE SPECIALI', 'PASTA BARBABIETOLA', b'1', -1, 3, 7),
	(22327, 5696, 'PASTA FARINE SPECIALI', 'PASTA RISO NERONE', b'1', -1, 27, 8),
	(22328, 5696, 'PASTA FARINE SPECIALI', 'PASTA RISO NERONE', b'1', -1, 27, 8),
	(22334, 5696, 'GRANI ANTICHI', 'PASTA SENATORE CAPPELLI', b'1', -1, 28, 6),
	(22336, 5697, 'PASTA FARINE SPECIALI', 'FARINA DI CASTAGNE', b'1', -1, 11, 10),
	(22337, 5697, 'PASTA FARINE SPECIALI', 'PASTA RISO NERONE', b'1', -1, 27, 8),
	(22340, 5697, 'PASTA LEGUMI', 'PASTA CECI', b'1', -1, 14, 10),
	(22342, 5698, 'PASTA FARINE SPECIALI', 'PASTA BARBABIETOLA', b'1', -1, 3, 7),
	(22343, 5698, 'AGNOLOTTI', 'AGNOLOTTI AI TRE ARROSTI', b'1', -1, 4, 12),
	(22347, 5699, 'PASTA LEGUMI', 'PASTA CECI', b'1', -1, 14, 10),
	(22350, 5699, 'AGNOLOTTI', 'AGNOLOTTI AI TRE ARROSTI', b'1', -1, 4, 12),
	(22352, 5700, 'PASTA FARINE SPECIALI', 'FARINA DI CASTAGNE', b'1', -1, 11, 10),
	(22355, 5700, 'AGNOLOTTI', 'AGNOLOTTI AI TRE ARROSTI', b'1', -1, 4, 12),
	(22356, 5700, 'LASAGNE', 'LASAGNA SCAROLA e BUFALA', b'0', 4, -1, -1),
	(22358, 5700, 'PASTA LEGUMI', 'PASTA CECI', b'1', -1, 14, 10),
	(22360, 5701, 'LASAGNE', 'LASAGNA SCAROLA e BUFALA', b'0', 4, -1, -1),
	(22363, 5701, 'AGNOLOTTI', 'AGNOLOTTI MANTOVANI', b'1', -1, 7, 12),
	(22369, 5703, 'GRANI ANTICHI', 'PASTA FARRO ', b'1', -1, 17, 8),
	(22373, 5703, 'PASTA FARINE SPECIALI', 'PASTA BARBABIETOLA', b'1', -1, 3, 7),
	(22375, 5704, 'GRANI ANTICHI', 'PASTA SENATORE CAPPELLI', b'1', -1, 28, 6),
	(22377, 5704, 'GRANI ANTICHI', 'PASTA SENATORE CAPPELLI', b'1', -1, 28, 6),
	(22381, 5704, 'GRANI ANTICHI', 'PASTA SENATORE CAPPELLI', b'1', -1, 28, 6),
	(22384, 5705, 'PASTA FARINE SPECIALI', 'PASTA RISO NERONE', b'1', -1, 27, 8),
	(22389, 5706, 'GRANI ANTICHI', 'PASTA FARRO ', b'1', -1, 17, 8),
	(22390, 5706, 'PASTA FARINE SPECIALI', 'PASTA RISO NERONE', b'1', -1, 27, 8),
	(22392, 5707, 'PASTA FARINE SPECIALI', 'PASTA RISO NERONE', b'1', -1, 27, 8),
	(22394, 5707, 'AGNOLOTTI', 'AGNOLOTTI AI TRE ARROSTI', b'1', -1, 4, 12),
	(22399, 5709, 'PASTA FARINE SPECIALI', 'PASTA BARBABIETOLA', b'1', -1, 3, 7),
	(22400, 5709, 'GRANI ANTICHI', 'PASTA SENATORE CAPPELLI', b'1', -1, 28, 6),
	(22402, 5709, 'PASTA FARINE SPECIALI', 'FARINA DI CASTAGNE', b'1', -1, 11, 10),
	(22403, 5709, 'PASTA FARINE SPECIALI', 'PASTA GRANO ARSO', b'1', -1, 20, 3),
	(22407, 5710, 'GRANI ANTICHI', 'PASTA SENATORE CAPPELLI', b'1', -1, 28, 6),
	(22412, 5712, 'LASAGNE', 'LASAGNA ZUCCHINE STRACCHINO', b'0', 6, -1, -1),
	(22416, 5713, 'LASAGNE', 'LASAGNA ZUCCHINE STRACCHINO', b'0', 6, -1, -1),
	(22417, 5713, 'AGNOLOTTI', 'AGNOLOTTI PATATE ZENZERO MENTA', b'1', -1, 8, 12),
	(22421, 5714, 'PASTA FARINE SPECIALI', 'PASTA BARBABIETOLA', b'1', -1, 3, 7),
	(22424, 5714, 'PASTA FARINE SPECIALI', 'PASTA SPIRULINA', b'1', -1, 29, 2),
	(22426, 5715, 'GRANI ANTICHI', 'PASTA SENATORE CAPPELLI', b'1', -1, 28, 6),
	(22429, 5715, 'AGNOLOTTI', 'AGNOLOTTI PATATE ZENZERO MENTA', b'1', -1, 8, 12),
	(22432, 5715, 'PASTA LEGUMI', 'PASTA CECI', b'1', -1, 14, 10),
	(22433, 5716, 'PASTA FARINE SPECIALI', 'PASTA SPIRULINA', b'1', -1, 29, 2),
	(22435, 5716, 'GRANI ANTICHI', 'PASTA FARRO ', b'1', -1, 17, 8),
	(22436, 5717, 'AGNOLOTTI', 'AGNOLOTTI PATATE ZENZERO MENTA', b'1', -1, 8, 12),
	(22438, 5719, 'PASTA FARINE SPECIALI', 'FARINA DI CASTAGNE', b'1', -1, 11, 10),
	(22439, 5719, 'PASTA FARINE SPECIALI', 'FARINA DI CASTAGNE', b'1', -1, 11, 10),
	(22441, 5720, 'AGNOLOTTI', 'AGNOLOTTI PATATE ZENZERO MENTA', b'1', -1, 8, 12),
	(22443, 5720, 'PASTA FARINE SPECIALI', 'PASTA SPIRULINA', b'1', -1, 29, 2),
	(22444, 5720, 'GRANI ANTICHI', 'PASTA SENATORE CAPPELLI', b'1', -1, 28, 6),
	(22447, 5720, 'PASTA FARINE SPECIALI', 'FARINA DI CASTAGNE', b'1', -1, 11, 10),
	(22448, 5721, 'GRANI ANTICHI', 'PASTA SENATORE CAPPELLI', b'1', -1, 28, 6),
	(22450, 5721, 'PASTA LEGUMI', 'PASTA FAVE', b'1', -1, 19, 7),
	(22452, 5721, 'PASTA LEGUMI', 'PASTA CECI', b'1', -1, 14, 10),
	(22455, 5722, 'PASTA FARINE SPECIALI', 'PASTA RISO NERONE', b'1', -1, 27, 8),
	(22456, 5722, 'PASTA FARINE SPECIALI', 'PASTA RISO NERONE', b'1', -1, 27, 8),
	(22460, 5723, 'GRANI ANTICHI', 'PASTA FARRO ', b'1', -1, 17, 8),
	(22463, 5723, 'PASTA FARINE SPECIALI', 'PASTA BARBABIETOLA', b'1', -1, 3, 7),
	(22464, 5723, 'AGNOLOTTI', 'AGNOLOTTI PATATE ZENZERO MENTA', b'1', -1, 8, 12),
	(22465, 5723, 'PASTA FARINE SPECIALI', 'FARINA DI CASTAGNE', b'1', -1, 11, 10),
	(22467, 5724, 'PASTA FARINE SPECIALI', 'PASTA SPIRULINA', b'1', -1, 29, 2),
	(22469, 5724, 'AGNOLOTTI', 'AGNOLOTTI PATATE ZENZERO MENTA', b'1', -1, 8, 12),
	(22470, 5725, 'GRANI ANTICHI', 'PASTA FARRO ', b'1', -1, 17, 8),
	(22473, 5725, 'LASAGNE', 'LASAGNA ZUCCHINE STRACCHINO', b'0', 6, -1, -1),
	(22475, 5726, 'PASTA FARINE SPECIALI', 'PASTA RISO NERONE', b'1', -1, 27, 8),
	(22478, 5726, 'LASAGNE', 'LASAGNA ZUCCHINE STRACCHINO', b'0', 6, -1, -1),
	(22479, 5726, 'GRANI ANTICHI', 'PASTA SENATORE CAPPELLI', b'1', -1, 28, 6),
	(22480, 5727, 'PASTA LEGUMI', 'PASTA CECI', b'1', -1, 14, 10),
	(22481, 5727, 'GRANI ANTICHI', 'PASTA SENATORE CAPPELLI', b'1', -1, 28, 6),
	(22485, 5727, 'PASTA FARINE SPECIALI', 'PASTA GRANO ARSO', b'1', -1, 20, 3),
	(22489, 5728, 'PASTA FARINE SPECIALI', 'PASTA RISO NERONE', b'1', -1, 27, 8),
	(22492, 5728, 'GRANI ANTICHI', 'PASTA SENATORE CAPPELLI', b'1', -1, 28, 6),
	(22495, 5729, 'GRANI ANTICHI', 'PASTA SENATORE CAPPELLI', b'1', -1, 28, 6),
	(22497, 5729, 'PASTA LEGUMI', 'PASTA CECI', b'1', -1, 14, 10),
	(22499, 5729, 'GRANI ANTICHI', 'PASTA FARRO ', b'1', -1, 17, 8),
	(22503, 5729, 'AGNOLOTTI', 'AGNOLOTTI PATATE ZENZERO MENTA', b'1', -1, 8, 12),
	(22507, 5730, 'PASTA LEGUMI', 'PASTA FAVE', b'1', -1, 19, 7),
	(22508, 5730, 'GRANI ANTICHI', 'PASTA SENATORE CAPPELLI', b'1', -1, 28, 6),
	(22510, 5730, 'PASTA FARINE SPECIALI', 'PASTA GRANO ARSO', b'1', -1, 20, 3),
	(22513, 5730, 'GRANI ANTICHI', 'PASTA SENATORE CAPPELLI', b'1', -1, 28, 6),
	(22514, 5730, 'GRANI ANTICHI', 'PASTA SENATORE CAPPELLI', b'1', -1, 28, 6),
	(22516, 5730, 'PASTA FARINE SPECIALI', 'PASTA BARBABIETOLA', b'1', -1, 3, 7),
	(22520, 5731, 'GRANI ANTICHI', 'PASTA FARRO ', b'1', -1, 17, 8),
	(22521, 5731, 'PASTA FARINE SPECIALI', 'PASTA BARBABIETOLA', b'1', -1, 3, 7),
	(22523, 5731, 'GRANI ANTICHI', 'PASTA FARRO ', b'1', -1, 17, 8),
	(22524, 5731, 'GRANI ANTICHI', 'PASTA SENATORE CAPPELLI', b'1', -1, 28, 6),
	(22526, 5731, 'PASTA FARINE SPECIALI', 'FARINA DI CASTAGNE', b'1', -1, 11, 10),
	(22529, 5731, 'AGNOLOTTI', 'AGNOLOTTI PATATE ZENZERO MENTA', b'1', -1, 8, 12),
	(22532, 5732, 'LASAGNE', 'LASAGNA VERDURA ', b'0', 5, -1, -1),
	(22533, 5732, 'PASTA FARINE SPECIALI', 'PASTA BARBABIETOLA', b'1', -1, 3, 7),
	(22534, 5732, 'GRANI ANTICHI', 'PASTA FARRO ', b'1', -1, 17, 8),
	(22540, 5734, 'PASTA FARINE SPECIALI', 'PASTA BARBABIETOLA', b'1', -1, 3, 7),
	(22541, 5734, 'PASTA LEGUMI', 'PASTA FAVE', b'1', -1, 19, 7),
	(22542, 5734, 'LASAGNE', 'LASAGNA ZUCCHINE STRACCHINO', b'0', 6, -1, -1),
	(22544, 5734, 'PASTA FARINE SPECIALI', 'FARINA DI CASTAGNE', b'1', -1, 11, 10),
	(22547, 5734, 'PASTA FARINE SPECIALI', 'PASTA GRANO ARSO', b'1', -1, 20, 3),
	(22548, 5735, 'PASTA FARINE SPECIALI', 'PASTA RISO NERONE', b'1', -1, 27, 8),
	(22551, 5735, 'PASTA FARINE SPECIALI', 'PASTA BARBABIETOLA', b'1', -1, 3, 7),
	(22552, 5735, 'GRANI ANTICHI', 'PASTA SENATORE CAPPELLI', b'1', -1, 28, 6),
	(22554, 5735, 'PASTA FARINE SPECIALI', 'PASTA SPIRULINA', b'1', -1, 29, 2),
	(22556, 5736, 'LASAGNE', 'LASAGNA VERDURA ', b'0', 5, -1, -1),
	(22558, 5736, 'PASTA FARINE SPECIALI', 'PASTA RISO NERONE', b'1', -1, 27, 8),
	(22567, 5738, 'LASAGNE', 'LASAGNA VERDURA ', b'0', 5, -1, -1),
	(22569, 5739, 'AGNOLOTTI', 'AGNOLOTTI RICOTTA PECORA, BORRAGINE, ERBETTE', b'1', -1, 9, 12),
	(22570, 5739, 'PASTA LEGUMI', 'PASTA CECI', b'1', -1, 14, 10),
	(22573, 5740, 'PASTA FARINE SPECIALI', 'PASTA GRANO ARSO', b'1', -1, 20, 3),
	(22576, 5740, 'LASAGNE', 'LASAGNA VERDURA ', b'0', 5, -1, -1),
	(22577, 5740, 'PASTA LEGUMI', 'PASTA CECI', b'1', -1, 14, 10),
	(22578, 5740, 'GRANI ANTICHI', 'PASTA SENATORE CAPPELLI', b'1', -1, 28, 6),
	(22579, 5741, 'PASTA FARINE SPECIALI', 'FARINA DI CASTAGNE', b'1', -1, 11, 10),
	(22581, 5741, 'GRANI ANTICHI', 'PASTA SENATORE CAPPELLI', b'1', -1, 28, 6),
	(22582, 5742, 'GRANI ANTICHI', 'PASTA SENATORE CAPPELLI', b'1', -1, 28, 6),
	(22583, 5742, 'PASTA FARINE SPECIALI', 'PASTA GRANO ARSO', b'1', -1, 20, 3),
	(22586, 5743, 'PASTA FARINE SPECIALI', 'PASTA GRANO ARSO', b'1', -1, 20, 3),
	(22589, 5743, 'GRANI ANTICHI', 'PASTA SENATORE CAPPELLI', b'1', -1, 28, 6),
	(22590, 5744, 'GRANI ANTICHI', 'PASTA FARRO ', b'1', -1, 17, 8),
	(22592, 5745, 'PASTA LEGUMI', 'PASTA CECI', b'1', -1, 14, 10),
	(22596, 5747, 'PASTA FARINE SPECIALI', 'PASTA BARBABIETOLA', b'1', -1, 3, 7),
	(22600, 5748, 'PASTA FARINE SPECIALI', 'PASTA SPIRULINA', b'1', -1, 29, 2),
	(22602, 5749, 'AGNOLOTTI', 'AGNOLOTTI RICOTTA SPINACI', b'1', -1, 10, 12),
	(22603, 5749, 'PASTA FARINE SPECIALI', 'PASTA SPIRULINA', b'1', -1, 29, 2),
	(22605, 5750, 'PASTA FARINE SPECIALI', 'PASTA SPIRULINA', b'1', -1, 29, 2),
	(22606, 5750, 'PASTA FARINE SPECIALI', 'PASTA RISO NERONE', b'1', -1, 27, 8),
	(22607, 5751, 'PASTA FARINE SPECIALI', 'PASTA SPIRULINA', b'1', -1, 29, 2),
	(22609, 5751, 'PASTA LEGUMI', 'PASTA CECI', b'1', -1, 14, 10),
	(22611, 5751, 'PASTA LEGUMI', 'PASTA FAVE', b'1', -1, 19, 7),
	(22612, 5752, 'PASTA FARINE SPECIALI', 'PASTA GRANO ARSO', b'1', -1, 20, 3),
	(22614, 5752, 'LASAGNE', 'LASAGNA VERDURA ', b'0', 5, -1, -1),
	(22615, 5752, 'PASTA FARINE SPECIALI', 'PASTA GRANO ARSO', b'1', -1, 20, 3),
	(22620, 5753, 'PASTA FARINE SPECIALI', 'PASTA BARBABIETOLA', b'1', -1, 3, 7),
	(22621, 5753, 'PASTA LEGUMI', 'PASTA CECI', b'1', -1, 14, 10),
	(22627, 5754, 'PASTA FARINE SPECIALI', 'PASTA SPIRULINA', b'1', -1, 29, 2),
	(22628, 5754, 'AGNOLOTTI', 'AGNOLOTTI PATATE MERLUZZO', b'1', -1, 2, 12),
	(22629, 5755, 'PASTA FARINE SPECIALI', 'PASTA BARBABIETOLA', b'1', -1, 3, 7),
	(22631, 5755, 'PASTA FARINE SPECIALI', 'PASTA RISO NERONE', b'1', -1, 27, 8),
	(22632, 5756, 'PASTA LEGUMI', 'PASTA CECI', b'1', -1, 14, 10),
	(22635, 5757, 'PASTA FARINE SPECIALI', 'FARINA DI CASTAGNE', b'1', -1, 11, 10),
	(22637, 5758, 'PASTA LEGUMI', 'PASTA FAVE', b'1', -1, 19, 7),
	(22638, 5758, 'GRANI ANTICHI', 'PASTA FARRO ', b'1', -1, 17, 8),
	(22639, 5759, 'GRANI ANTICHI', 'PASTA SENATORE CAPPELLI', b'1', -1, 28, 6),
	(22640, 5759, 'PASTA LEGUMI', 'PASTA CECI', b'1', -1, 14, 10),
	(22642, 5760, 'GRANI ANTICHI', 'PASTA SENATORE CAPPELLI', b'1', -1, 28, 6),
	(22643, 5760, 'PASTA LEGUMI', 'PASTA CECI', b'1', -1, 14, 10),
	(22644, 5760, 'PASTA FARINE SPECIALI', 'PASTA RISO NERONE', b'1', -1, 27, 8),
	(22645, 5761, 'PASTA FARINE SPECIALI', 'PASTA BARBABIETOLA', b'1', -1, 3, 7),
	(22648, 5761, 'LASAGNE', 'LASAGNA VERDURA ', b'0', 5, -1, -1),
	(22654, 5762, 'AGNOLOTTI', 'AGNOLOTTI RICOTTA SPINACI', b'1', -1, 10, 12),
	(22658, 5762, 'GRANI ANTICHI', 'PASTA SENATORE CAPPELLI', b'1', -1, 28, 6),
	(22660, 5762, 'GRANI ANTICHI', 'PASTA FARRO ', b'1', -1, 17, 8),
	(22662, 5763, 'PASTA FARINE SPECIALI', 'PASTA RISO NERONE', b'1', -1, 27, 8),
	(22666, 5763, 'AGNOLOTTI', 'AGNOLOTTI RICOTTA SPINACI', b'1', -1, 10, 12),
	(22669, 5764, 'PASTA FARINE SPECIALI', 'PASTA SPIRULINA', b'1', -1, 29, 2),
	(22671, 5764, 'PASTA FARINE SPECIALI', 'FARINA DI CASTAGNE', b'1', -1, 11, 10),
	(22675, 5765, 'AGNOLOTTI', 'AGNOLOTTI AI TRE ARROSTI', b'1', -1, 4, 12),
	(22680, 5765, 'PASTA LEGUMI', 'PASTA CECI', b'1', -1, 14, 10),
	(22681, 5765, 'LASAGNE', 'LASAGNA VERDURA ', b'0', 5, -1, -1),
	(22683, 5766, 'GRANI ANTICHI', 'PASTA FARRO ', b'1', -1, 17, 8),
	(22684, 5766, 'PASTA FARINE SPECIALI', 'PASTA RISO NERONE', b'1', -1, 27, 8),
	(22688, 5767, 'PASTA LEGUMI', 'PASTA FAVE', b'1', -1, 19, 7),
	(22689, 5767, 'PASTA LEGUMI', 'PASTA FAVE', b'1', -1, 19, 7),
	(22691, 5768, 'PASTA LEGUMI', 'PASTA CECI', b'1', -1, 14, 10),
	(22692, 5768, 'PASTA FARINE SPECIALI', 'PASTA GRANO ARSO', b'1', -1, 20, 3),
	(22694, 5768, 'GRANI ANTICHI', 'PASTA SENATORE CAPPELLI', b'1', -1, 28, 6),
	(22695, 5768, 'GRANI ANTICHI', 'PASTA FARRO ', b'1', -1, 17, 8),
	(22696, 5768, 'PASTA FARINE SPECIALI', 'PASTA SPIRULINA', b'1', -1, 29, 2),
	(22698, 5769, 'PASTA FARINE SPECIALI', 'PASTA RISO NERONE', b'1', -1, 27, 8),
	(22701, 5769, 'PASTA LEGUMI', 'PASTA CECI', b'1', -1, 14, 10),
	(22702, 5769, 'GRANI ANTICHI', 'PASTA FARRO ', b'1', -1, 17, 8),
	(22703, 5769, 'LASAGNE', 'LASAGNA VERDURA ', b'0', 5, -1, -1),
	(22705, 5769, 'PASTA FARINE SPECIALI', 'PASTA BARBABIETOLA', b'1', -1, 3, 7),
	(22707, 5769, 'LASAGNE', 'LASAGNA VERDURA ', b'0', 5, -1, -1),
	(22714, 5771, 'AGNOLOTTI', 'AGNOLOTTI RICOTTA SPINACI', b'1', -1, 10, 12),
	(22718, 5772, 'AGNOLOTTI', 'AGNOLOTTI RICOTTA SPINACI', b'1', -1, 10, 12),
	(22723, 5773, 'PASTA FARINE SPECIALI', 'PASTA RISO NERONE', b'1', -1, 27, 8),
	(22724, 5773, 'PASTA FARINE SPECIALI', 'FARINA DI CASTAGNE', b'1', -1, 11, 10),
	(22726, 5774, 'PASTA LEGUMI', 'PASTA CECI', b'1', -1, 14, 10),
	(22729, 5774, 'GRANI ANTICHI', 'PASTA FARRO ', b'1', -1, 17, 8),
	(22738, 5776, 'LASAGNE', 'LASAGNA ZUCCHINE STRACCHINO', b'0', 6, -1, -1),
	(22739, 5776, 'PASTA LEGUMI', 'PASTA FAVE', b'1', -1, 19, 7),
	(22742, 5776, 'GRANI ANTICHI', 'PASTA SENATORE CAPPELLI', b'1', -1, 28, 6),
	(22744, 5776, 'PASTA FARINE SPECIALI', 'PASTA RISO NERONE', b'1', -1, 27, 8),
	(22745, 5776, 'GRANI ANTICHI', 'PASTA SENATORE CAPPELLI', b'1', -1, 28, 6),
	(22762, 5779, 'PASTA LEGUMI', 'PASTA CECI', b'1', -1, 14, 10),
	(22763, 5779, 'PASTA LEGUMI', 'PASTA FAVE', b'1', -1, 19, 7),
	(22765, 5780, 'AGNOLOTTI', 'AGNOLOTTI RICOTTA SPINACI', b'1', -1, 10, 12),
	(22767, 5780, 'GRANI ANTICHI', 'PASTA FARRO ', b'1', -1, 17, 8),
	(22768, 5780, 'LASAGNE', 'LASAGNA SALSICCIA PORRI', b'0', 3, -1, -1),
	(22769, 5781, 'PASTA FARINE SPECIALI', 'PASTA SPIRULINA', b'1', -1, 29, 2),
	(22770, 5781, 'PASTA LEGUMI', 'PASTA FAVE', b'1', -1, 19, 7),
	(22771, 5781, 'PASTA FARINE SPECIALI', 'FARINA DI CASTAGNE', b'1', -1, 11, 10),
	(22772, 5781, 'AGNOLOTTI', 'AGNOLOTTI RICOTTA SPINACI', b'1', -1, 10, 12),
	(22775, 5782, 'GRANI ANTICHI', 'SEGALE INTEGRALE BIO', b'1', -1, 30, 11),
	(22778, 5782, 'AGNOLOTTI', 'AGNOLOTTI RICOTTA SPINACI', b'1', -1, 10, 12),
	(22779, 5782, 'AGNOLOTTI', 'AGNOLOTTI RICOTTA SPINACI', b'1', -1, 10, 12),
	(22780, 5782, 'GRANI ANTICHI', 'PASTA FARRO ', b'1', -1, 17, 8),
	(22791, 5785, 'LASAGNE', 'LASAGNE AL RAGU', b'0', 7, -1, -1),
	(22793, 5786, 'PASTA FARINE SPECIALI', 'PASTA SPIRULINA', b'1', -1, 29, 2),
	(22796, 5786, 'AGNOLOTTI', 'AGNOLOTTI CAPRINO LIMONE', b'1', -1, 1, 12),
	(22797, 5786, 'GRANI ANTICHI', 'SEGALE INTEGRALE BIO', b'1', -1, 30, 11),
	(22798, 5787, 'GRANI ANTICHI', 'SEGALE INTEGRALE BIO', b'1', -1, 30, 11),
	(22800, 5788, 'AGNOLOTTI', 'AGNOLOTTI CAPRINO LIMONE', b'1', -1, 1, 12),
	(22804, 5789, 'GRANI ANTICHI', 'SEGALE INTEGRALE BIO', b'1', -1, 30, 11),
	(22806, 5790, 'AGNOLOTTI', 'AGNOLOTTI CAPRINO LIMONE', b'1', -1, 1, 12),
	(22807, 5790, 'PASTA FARINE SPECIALI', 'PASTA RISO NERONE', b'1', -1, 27, 8),
	(22810, 5790, 'PASTA LEGUMI', 'PASTA CICERCHIE', b'1', -1, 15, 15),
	(22811, 5791, 'PASTA FARINE SPECIALI', 'PASTA RISO NERONE', b'1', -1, 27, 8),
	(22816, 5792, 'PASTA FARINE SPECIALI', 'PASTA SPIRULINA', b'1', -1, 29, 2),
	(22818, 5792, 'PASTA FARINE SPECIALI', 'PASTA SPIRULINA', b'1', -1, 29, 2),
	(22819, 5792, 'LASAGNE', 'LASAGNE AL RAGU', b'0', 7, -1, -1),
	(22821, 5792, 'GRANI ANTICHI', 'PASTA SENATORE CAPPELLI', b'1', -1, 28, 6),
	(22823, 5793, 'PASTA FARINE SPECIALI', 'PASTA SPIRULINA', b'1', -1, 29, 2),
	(22825, 5793, 'PASTA FARINE SPECIALI', 'PASTA LIQUIRIZIA', b'1', -1, 22, 5),
	(22827, 5794, 'AGNOLOTTI', 'AGNOLOTTI CAPRINO LIMONE', b'1', -1, 1, 12),
	(22828, 5794, 'GRANI ANTICHI', 'SEGALE INTEGRALE BIO', b'1', -1, 30, 11),
	(22829, 5794, 'GRANI ANTICHI', 'PASTA SENATORE CAPPELLI', b'1', -1, 28, 6),
	(22831, 5794, 'PASTA FARINE SPECIALI', 'FARINA DI CASTAGNE', b'1', -1, 11, 10),
	(22833, 5794, 'PASTA FARINE SPECIALI', 'PASTA RISO NERONE', b'1', -1, 27, 8),
	(22835, 5795, 'PASTA LEGUMI', 'PASTA CICERCHIE', b'1', -1, 15, 15),
	(22839, 5796, 'AGNOLOTTI', 'AGNOLOTTI CAPRINO LIMONE', b'1', -1, 1, 12),
	(22840, 5796, 'LASAGNE', 'LASAGNE AL RAGU', b'0', 7, -1, -1),
	(22842, 5796, 'PASTA LEGUMI', 'PASTA CICERCHIE', b'1', -1, 15, 15),
	(22844, 5797, 'PASTA FARINE SPECIALI', 'PASTA RISO NERONE', b'1', -1, 27, 8),
	(22845, 5797, 'PASTA LEGUMI', 'PASTA CICERCHIE', b'1', -1, 15, 15),
	(22846, 5797, 'PASTA FARINE SPECIALI', 'FARINA DI CASTAGNE', b'1', -1, 11, 10),
	(22847, 5797, 'PASTA FARINE SPECIALI', 'PASTA RISO NERONE', b'1', -1, 27, 8),
	(22850, 5798, 'PASTA FARINE SPECIALI', 'PASTA LIQUIRIZIA', b'1', -1, 22, 5),
	(22853, 5799, 'PASTA FARINE SPECIALI', 'PASTA RISO NERONE', b'1', -1, 27, 8),
	(22855, 5800, 'PASTA FARINE SPECIALI', 'PASTA BARBABIETOLA', b'1', -1, 3, 7),
	(22856, 5800, 'GRANI ANTICHI', 'SEGALE INTEGRALE BIO', b'1', -1, 30, 11),
	(22859, 5801, 'PASTA FARINE SPECIALI', 'FARINA DI CASTAGNE', b'1', -1, 11, 10),
	(22860, 5801, 'GRANI ANTICHI', 'SEGALE INTEGRALE BIO', b'1', -1, 30, 11),
	(22863, 5802, 'GRANI ANTICHI', 'SEGALE INTEGRALE BIO', b'1', -1, 30, 11),
	(22864, 5802, 'PASTA FARINE SPECIALI', 'PASTA LIQUIRIZIA', b'1', -1, 22, 5),
	(22866, 5803, 'GRANI ANTICHI', 'SEGALE INTEGRALE BIO', b'1', -1, 30, 11),
	(22867, 5803, 'PASTA FARINE SPECIALI', 'PASTA NERO SEPPIA', b'1', -1, 24, 1),
	(22868, 5804, 'PASTA FARINE SPECIALI', 'PASTA SPIRULINA', b'1', -1, 29, 2),
	(22870, 5804, 'GRANI ANTICHI', 'SEGALE INTEGRALE BIO', b'1', -1, 30, 11),
	(22873, 5805, 'PASTA LEGUMI', 'PASTA LENTICCHIE', b'1', -1, 21, 9),
	(22874, 5806, 'PASTA FARINE SPECIALI', 'PASTA LIQUIRIZIA', b'1', -1, 22, 5),
	(22877, 5807, 'PASTA FARINE SPECIALI', 'FARINA DI CASTAGNE', b'1', -1, 11, 10),
	(22878, 5807, 'GRANI ANTICHI', 'SEGALE INTEGRALE BIO', b'1', -1, 30, 11),
	(22880, 5808, 'GRANI ANTICHI', 'PASTA SENATORE CAPPELLI', b'1', -1, 28, 6),
	(22883, 5809, 'GRANI ANTICHI', 'PASTA SENATORE CAPPELLI', b'1', -1, 28, 6),
	(22886, 5809, 'GRANI ANTICHI', 'SEGALE INTEGRALE BIO', b'1', -1, 30, 11),
	(22889, 5810, 'PASTA FARINE SPECIALI', 'PASTA BARBABIETOLA', b'1', -1, 3, 7),
	(22891, 5811, 'PASTA FARINE SPECIALI', 'PASTA NERO SEPPIA', b'1', -1, 24, 1),
	(22892, 5811, 'PASTA FARINE SPECIALI', 'PASTA AMARANTO', b'1', -1, 12, 5),
	(22893, 5812, 'PASTA LEGUMI', 'PASTA CICERCHIE', b'1', -1, 15, 15),
	(22894, 5812, 'PASTA LEGUMI', 'PASTA CICERCHIE', b'1', -1, 15, 15),
	(22896, 5813, 'PASTA LEGUMI', 'PASTA CICERCHIE', b'1', -1, 15, 15),
	(22899, 5814, 'GRANI ANTICHI', 'SEGALE INTEGRALE BIO', b'1', -1, 30, 11),
	(22900, 5815, 'PASTA FARINE SPECIALI', 'PASTA AMARANTO', b'1', -1, 12, 5),
	(22901, 5815, 'PASTA LEGUMI', 'PASTA LENTICCHIE', b'1', -1, 21, 9),
	(22903, 5815, 'PASTA FARINE SPECIALI', 'PASTA NERO SEPPIA', b'1', -1, 24, 1),
	(22904, 5815, 'PASTA LEGUMI', 'PASTA LENTICCHIE', b'1', -1, 21, 9),
	(22905, 5815, 'PASTA LEGUMI', 'PASTA LENTICCHIE', b'1', -1, 21, 9),
	(22907, 5816, 'GRANI ANTICHI', 'PASTA SENATORE CAPPELLI', b'1', -1, 28, 6),
	(22909, 5816, 'PASTA FARINE SPECIALI', 'PASTA SPIRULINA', b'1', -1, 29, 2),
	(22912, 5817, 'PASTA FARINE SPECIALI', 'PASTA SPIRULINA', b'1', -1, 29, 2),
	(22914, 5817, 'PASTA LEGUMI', 'PASTA LENTICCHIE', b'1', -1, 21, 9),
	(22916, 5818, 'PASTA LEGUMI', 'PASTA CICERCHIE', b'1', -1, 15, 15),
	(22919, 5819, 'PASTA LEGUMI', 'PASTA CICERCHIE', b'1', -1, 15, 15),
	(22921, 5819, 'GRANI ANTICHI', 'SEGALE INTEGRALE BIO', b'1', -1, 30, 11),
	(22924, 5820, 'PASTA FARINE SPECIALI', 'PASTA SPIRULINA', b'1', -1, 29, 2),
	(22927, 5821, 'GRANI ANTICHI', 'PASTA SENATORE CAPPELLI', b'1', -1, 28, 6),
	(22928, 5821, 'GRANI ANTICHI', 'PASTA SENATORE CAPPELLI', b'1', -1, 28, 6),
	(22931, 5822, 'PASTA FARINE SPECIALI', 'PASTA NERO SEPPIA', b'1', -1, 24, 1),
	(22933, 5823, 'PASTA LEGUMI', 'PASTA CICERCHIE', b'1', -1, 15, 15),
	(22935, 5824, 'PASTA LEGUMI', 'PASTA CICERCHIE', b'1', -1, 15, 15),
	(22937, 5825, 'PASTA FARINE SPECIALI', 'PASTA NERO SEPPIA', b'1', -1, 24, 1),
	(22943, 5830, 'PASTA LEGUMI', 'PASTA LENTICCHIE', b'1', -1, 21, 9),
	(22948, 5831, 'GRANI ANTICHI', 'PASTA SENATORE CAPPELLI', b'1', -1, 28, 6),
	(22951, 5832, 'GRANI ANTICHI', 'PASTA SENATORE CAPPELLI', b'1', -1, 28, 6),
	(22953, 5833, 'PASTA FARINE SPECIALI', 'PASTA BARBABIETOLA', b'1', -1, 3, 7),
	(22954, 5833, 'GRANI ANTICHI', 'SEGALE INTEGRALE BIO', b'1', -1, 30, 11),
	(22960, 5834, 'PASTA LEGUMI', 'PASTA LENTICCHIE', b'1', -1, 21, 9),
	(22962, 5834, 'LASAGNE', 'LASAGNA VERDURA ', b'0', 5, -1, -1),
	(22966, 5835, 'AGNOLOTTI', 'AGNOLOTTI AMATRICIANO', b'1', -1, 5, 12),
	(22967, 5835, 'PASTA FARINE SPECIALI', 'PASTA NERO SEPPIA', b'1', -1, 24, 1),
	(22970, 5836, 'PASTA FARINE SPECIALI', 'PASTA AMARANTO', b'1', -1, 12, 5),
	(22972, 5837, 'PASTA FARINE SPECIALI', 'PASTA LIQUIRIZIA', b'1', -1, 22, 5),
	(22978, 5838, 'GRANI ANTICHI', 'PASTA SENATORE CAPPELLI', b'1', -1, 28, 6),
	(22979, 5838, 'PASTA FARINE SPECIALI', 'PASTA BARBABIETOLA', b'1', -1, 3, 7),
	(22980, 5838, 'PASTA LEGUMI', 'PASTA CICERCHIE', b'1', -1, 15, 15),
	(22988, 5840, 'AGNOLOTTI', 'AGNOLOTTI AMATRICIANO', b'1', -1, 5, 12),
	(22994, 5841, 'PASTA FARINE SPECIALI', 'PASTA SPIRULINA', b'1', -1, 29, 2),
	(22997, 5842, 'GRANI ANTICHI', 'PASTA SENATORE CAPPELLI', b'1', -1, 28, 6),
	(23001, 5842, 'GRANI ANTICHI', 'PASTA SENATORE CAPPELLI', b'1', -1, 28, 6),
	(23006, 5843, 'PASTA FARINE SPECIALI', 'PASTA BARBABIETOLA', b'1', -1, 3, 7),
	(23008, 5844, 'GRANI ANTICHI', 'SEGALE INTEGRALE BIO', b'1', -1, 30, 11),
	(23012, 5844, 'PASTA FARINE SPECIALI', 'PASTA BARBABIETOLA', b'1', -1, 3, 7),
	(23015, 5845, 'GRANI ANTICHI', 'PASTA SENATORE CAPPELLI', b'1', -1, 28, 6),
	(23032, 5848, 'PASTA FARINE SPECIALI', 'PASTA BARBABIETOLA', b'1', -1, 3, 7),
	(23035, 5848, 'LASAGNE', 'LASAGNA FELICINA', b'0', 2, -1, -1),
	(23037, 5849, 'AGNOLOTTI', 'AGNOLOTTI PATATE MERLUZZO', b'1', -1, 2, 12),
	(23038, 5850, 'GRANI ANTICHI', 'SEGALE INTEGRALE BIO', b'1', -1, 30, 11),
	(23042, 5851, 'PASTA FARINE SPECIALI', 'FARINA DI CASTAGNE', b'1', -1, 11, 10),
	(23043, 5851, 'PASTA LEGUMI', 'PASTA CICERCHIE', b'1', -1, 15, 15),
	(23048, 5852, 'AGNOLOTTI', 'AGNOLOTTI PATATE MERLUZZO', b'1', -1, 2, 12),
	(23049, 5853, 'PASTA FARINE SPECIALI', 'PASTA AMARANTO', b'1', -1, 12, 5),
	(23051, 5854, 'GRANI ANTICHI', 'SEGALE INTEGRALE BIO', b'1', -1, 30, 11),
	(23053, 5854, 'AGNOLOTTI', 'AGNOLOTTI PATATE MERLUZZO', b'1', -1, 2, 12),
	(23058, 5855, 'AGNOLOTTI', 'AGNOLOTTI PATATE MERLUZZO', b'1', -1, 2, 12),
	(23063, 5856, 'AGNOLOTTI', 'AGNOLOTTI PATATE MERLUZZO', b'1', -1, 2, 12),
	(23064, 5857, 'AGNOLOTTI', 'AGNOLOTTI PATATE MERLUZZO', b'1', -1, 2, 12),
	(23068, 5858, 'AGNOLOTTI', 'AGNOLOTTI PATATE MERLUZZO', b'1', -1, 2, 12),
	(23072, 5859, 'AGNOLOTTI', 'AGNOLOTTI PATATE MERLUZZO', b'1', -1, 2, 12),
	(23074, 5860, 'GRANI ANTICHI', 'SEGALE INTEGRALE BIO', b'1', -1, 30, 11),
	(23076, 5861, 'GRANI ANTICHI', 'PASTA SENATORE CAPPELLI', b'1', -1, 28, 6),
	(23078, 5861, 'PASTA FARINE SPECIALI', 'PASTA NERO SEPPIA', b'1', -1, 24, 1),
	(23082, 5862, 'GRANI ANTICHI', 'PASTA SENATORE CAPPELLI', b'1', -1, 28, 6),
	(23083, 5862, 'PASTA FARINE SPECIALI', 'PASTA SPIRULINA', b'1', -1, 29, 2),
	(23086, 5863, 'GRANI ANTICHI', 'SEGALE INTEGRALE BIO', b'1', -1, 30, 11),
	(23088, 5863, 'PASTA FARINE SPECIALI', 'PASTA BARBABIETOLA', b'1', -1, 3, 7),
	(23089, 5864, 'GRANI ANTICHI', 'SEGALE INTEGRALE BIO', b'1', -1, 30, 11),
	(23090, 5864, 'PASTA FARINE SPECIALI', 'FARINA DI CASTAGNE', b'1', -1, 11, 10),
	(23092, 5864, 'GRANI ANTICHI', 'PASTA SENATORE CAPPELLI', b'1', -1, 28, 6),
	(23093, 5864, 'GRANI ANTICHI', 'SEGALE INTEGRALE BIO', b'1', -1, 30, 11),
	(23098, 5865, 'PASTA FARINE SPECIALI', 'PASTA BARBABIETOLA', b'1', -1, 3, 7),
	(23100, 5865, 'PASTA FARINE SPECIALI', 'PASTA SPIRULINA', b'1', -1, 29, 2),
	(23102, 5866, 'PASTA FARINE SPECIALI', 'PASTA SPIRULINA', b'1', -1, 29, 2),
	(23104, 5866, 'PASTA FARINE SPECIALI', 'PASTA BARBABIETOLA', b'1', -1, 3, 7),
	(23108, 5868, 'PASTA LEGUMI', 'PASTA CICERCHIE', b'1', -1, 15, 15),
	(23110, 5868, 'GRANI ANTICHI', 'PASTA SENATORE CAPPELLI', b'1', -1, 28, 6),
	(23112, 5868, 'PASTA FARINE SPECIALI', 'PASTA SPIRULINA', b'1', -1, 29, 2),
	(23118, 5869, 'PASTA FARINE SPECIALI', 'PASTA BARBABIETOLA', b'1', -1, 3, 7),
	(23119, 5869, 'GRANI ANTICHI', 'PASTA SENATORE CAPPELLI', b'1', -1, 28, 6),
	(23126, 5871, 'GRANI ANTICHI', 'PASTA FARRO ', b'1', -1, 17, 8),
	(23128, 5871, 'PASTA FARINE SPECIALI', 'FARINA DI CASTAGNE', b'1', -1, 11, 10),
	(23129, 5872, 'PASTA FARINE SPECIALI', 'PASTA SPIRULINA', b'1', -1, 29, 2),
	(23133, 5872, 'PASTA FARINE SPECIALI', 'PASTA AMARANTO', b'1', -1, 12, 5),
	(23139, 5874, 'GRANI ANTICHI', 'PASTA SENATORE CAPPELLI', b'1', -1, 28, 6),
	(23144, 5875, 'GRANI ANTICHI', 'PASTA SENATORE CAPPELLI', b'1', -1, 28, 6),
	(23146, 5875, 'PASTA FARINE SPECIALI', 'PASTA SPIRULINA', b'1', -1, 29, 2),
	(23151, 5876, 'PASTA LEGUMI', 'PASTA PISELLI', b'1', -1, 25, 3),
	(23152, 5876, 'PASTA FARINE SPECIALI', 'PASTA AMARANTO', b'1', -1, 12, 5),
	(23158, 5877, 'PASTA FARINE SPECIALI', 'PASTA SPIRULINA', b'1', -1, 29, 2),
	(23161, 5877, 'PASTA LEGUMI', 'PASTA LENTICCHIE', b'1', -1, 21, 9),
	(23169, 5879, 'GRANI ANTICHI', 'PASTA FARRO ', b'1', -1, 17, 8),
	(23172, 5879, 'PASTA FARINE SPECIALI', 'PASTA AMARANTO', b'1', -1, 12, 5),
	(23173, 5880, 'PASTA FARINE SPECIALI', 'PASTA SPIRULINA', b'1', -1, 29, 2),
	(23174, 5880, 'PASTA LEGUMI', 'PASTA PISELLI', b'1', -1, 25, 3),
	(23185, 5882, 'PASTA FARINE SPECIALI', 'FARINA DI CASTAGNE', b'1', -1, 11, 10),
	(23187, 5882, 'PASTA FARINE SPECIALI', 'PASTA AMARANTO', b'1', -1, 12, 5),
	(23190, 5882, 'PASTA FARINE SPECIALI', 'PASTA BARBABIETOLA', b'1', -1, 3, 7),
	(23194, 5882, 'PASTA FARINE SPECIALI', 'PASTA SPIRULINA', b'1', -1, 29, 2),
	(23201, 5884, 'AGNOLOTTI', 'AGNOLOTTI RICOTTA SPINACI', b'1', -1, 10, 12),
	(23214, 5887, 'PASTA LEGUMI', 'PASTA LENTICCHIE', b'1', -1, 21, 9),
	(23218, 5888, 'GRANI ANTICHI', 'PASTA SENATORE CAPPELLI', b'1', -1, 28, 6),
	(23219, 5889, 'GRANI ANTICHI', 'PASTA SENATORE CAPPELLI', b'1', -1, 28, 6),
	(23222, 5890, 'GRANI ANTICHI', 'PASTA SENATORE CAPPELLI', b'1', -1, 28, 6),
	(23225, 5891, 'GRANI ANTICHI', 'PASTA FARRO ', b'1', -1, 17, 8),
	(23230, 5892, 'GRANI ANTICHI', 'PASTA SENATORE CAPPELLI', b'1', -1, 28, 6),
	(23232, 5893, 'GRANI ANTICHI', 'PASTA FARRO ', b'1', -1, 17, 8),
	(23235, 5894, 'PASTA LEGUMI', 'PASTA LENTICCHIE', b'1', -1, 21, 9),
	(23238, 5895, 'PASTA LEGUMI', 'PASTA PISELLI', b'1', -1, 25, 3),
	(23240, 5895, 'PASTA FARINE SPECIALI', 'PASTA QUINOA', b'1', -1, 26, 7),
	(23243, 5896, 'GRANI ANTICHI', 'PASTA SENATORE CAPPELLI', b'1', -1, 28, 6),
	(23244, 5897, 'PASTA FARINE SPECIALI', 'FARINA DI CASTAGNE', b'1', -1, 11, 10),
	(23246, 5897, 'PASTA LEGUMI', 'PASTA PISELLI', b'1', -1, 25, 3),
	(23249, 5898, 'PASTA LEGUMI', 'PASTA LENTICCHIE', b'1', -1, 21, 9),
	(23253, 5899, 'PASTA LEGUMI', 'PASTA PISELLI', b'1', -1, 25, 3),
	(23255, 5900, 'LASAGNE', 'LASAGNA VERDURA ', b'0', 5, -1, -1),
	(23256, 5900, 'GRANI ANTICHI', 'PASTA SENATORE CAPPELLI', b'1', -1, 28, 6),
	(23259, 5901, 'GRANI ANTICHI', 'PASTA FARRO ', b'1', -1, 17, 8),
	(23260, 5901, 'PASTA FARINE SPECIALI', 'PASTA BARBABIETOLA', b'1', -1, 3, 7),
	(23261, 5902, 'PASTA FARINE SPECIALI', 'FARINA DI CASTAGNE', b'1', -1, 11, 10),
	(23263, 5902, 'AGNOLOTTI', 'AGNOLOTTI RICOTTA SPINACI', b'1', -1, 10, 12),
	(23264, 5903, 'GRANI ANTICHI', 'PASTA SENATORE CAPPELLI', b'1', -1, 28, 6),
	(23265, 5903, 'PASTA FARINE SPECIALI', 'PASTA QUINOA', b'1', -1, 26, 7),
	(23266, 5903, 'GRANI ANTICHI', 'PASTA SENATORE CAPPELLI', b'1', -1, 28, 6),
	(23270, 5904, 'PASTA FARINE SPECIALI', 'PASTA SPIRULINA', b'1', -1, 29, 2),
	(23271, 5904, 'PASTA LEGUMI', 'PASTA PISELLI', b'1', -1, 25, 3),
	(23272, 5905, 'PASTA FARINE SPECIALI', 'PASTA NERO SEPPIA', b'1', -1, 24, 1),
	(23274, 5905, 'GRANI ANTICHI', 'PASTA FARRO ', b'1', -1, 17, 8),
	(23275, 5906, 'PASTA FARINE SPECIALI', 'PASTA QUINOA', b'1', -1, 26, 7),
	(23276, 5906, 'PASTA FARINE SPECIALI', 'FARINA DI CASTAGNE', b'1', -1, 11, 10),
	(23278, 5907, 'LASAGNE', 'LASAGNA ZUCCHINE STRACCHINO', b'0', 6, -1, -1),
	(23280, 5908, 'LASAGNE', 'LASAGNA ZUCCHINE STRACCHINO', b'0', 6, -1, -1),
	(23281, 5908, 'GRANI ANTICHI', 'PASTA SENATORE CAPPELLI', b'1', -1, 28, 6),
	(23284, 5909, 'LASAGNE', 'LASAGNA ZUCCHINE STRACCHINO', b'0', 6, -1, -1),
	(23286, 5909, 'PASTA FARINE SPECIALI', 'PASTA QUINOA', b'1', -1, 26, 7),
	(23287, 5910, 'GRANI ANTICHI', 'PASTA SENATORE CAPPELLI', b'1', -1, 28, 6),
	(23288, 5910, 'GRANI ANTICHI', 'PASTA SENATORE CAPPELLI', b'1', -1, 28, 6),
	(23290, 5910, 'PASTA FARINE SPECIALI', 'PASTA QUINOA', b'1', -1, 26, 7),
	(23293, 5911, 'PASTA LEGUMI', 'PASTA FAGIOLI', b'1', -1, 16, 11),
	(23295, 5912, 'PASTA LEGUMI', 'PASTA PISELLI', b'1', -1, 25, 3),
	(23297, 5913, 'PASTA FARINE SPECIALI', 'PASTA BARBABIETOLA', b'1', -1, 3, 7),
	(23298, 5913, 'GRANI ANTICHI', 'PASTA FARRO ', b'1', -1, 17, 8),
	(23299, 5913, 'PASTA FARINE SPECIALI', 'PASTA NERO SEPPIA', b'1', -1, 24, 1),
	(23300, 5913, 'PASTA FARINE SPECIALI', 'FARINA DI CASTAGNE', b'1', -1, 11, 10),
	(23301, 5913, 'PASTA LEGUMI', 'PASTA FAGIOLI', b'1', -1, 16, 11),
	(23302, 5913, 'GRANI ANTICHI', 'PASTA SENATORE CAPPELLI', b'1', -1, 28, 6),
	(23304, 5913, 'PASTA FARINE SPECIALI', 'FARINA DI CASTAGNE', b'1', -1, 11, 10),
	(23306, 5914, 'AGNOLOTTI', 'AGNOLOTTI MANTOVANI', b'1', -1, 7, 12),
	(23311, 5916, 'LASAGNE', 'LASAGNA FELICINA', b'0', 2, -1, -1),
	(23314, 5917, 'PASTA FARINE SPECIALI', 'PASTA BARBABIETOLA', b'1', -1, 3, 7),
	(23316, 5918, 'PASTA LEGUMI', 'PASTA FAGIOLI', b'1', -1, 16, 11),
	(23317, 5918, 'PASTA FARINE SPECIALI', 'PASTA BARBABIETOLA', b'1', -1, 3, 7),
	(23318, 5919, 'LASAGNE', 'LASAGNA VERDURA ', b'0', 5, -1, -1),
	(23324, 5919, 'PASTA FARINE SPECIALI', 'FARINA DI CASTAGNE', b'1', -1, 11, 10),
	(23325, 5920, 'AGNOLOTTI', 'AGNOLOTTI PATATE ZENZERO MENTA', b'1', -1, 8, 12),
	(23327, 5920, 'PASTA FARINE SPECIALI', 'PASTA NERO SEPPIA', b'1', -1, 24, 1),
	(23333, 5921, 'GRANI ANTICHI', 'PASTA FARRO ', b'1', -1, 17, 8),
	(23336, 5922, 'PASTA FARINE SPECIALI', 'PASTA BARBABIETOLA', b'1', -1, 3, 7),
	(23339, 5923, 'AGNOLOTTI', 'AGNOLOTTI PATATE ZENZERO MENTA', b'1', -1, 8, 12),
	(23340, 5923, 'PASTA FARINE SPECIALI', 'FARINA DI CASTAGNE', b'1', -1, 11, 10),
	(23342, 5924, 'AGNOLOTTI', 'AGNOLOTTI PATATE ZENZERO MENTA', b'1', -1, 8, 12),
	(23344, 5925, 'LASAGNE', 'LASAGNA VERDURA ', b'0', 5, -1, -1),
	(23348, 5926, 'GRANI ANTICHI', 'PASTA SENATORE CAPPELLI', b'1', -1, 28, 6),
	(23351, 5927, 'AGNOLOTTI', 'AGNOLOTTI PATATE ZENZERO MENTA', b'1', -1, 8, 12),
	(23354, 5928, 'AGNOLOTTI', 'AGNOLOTTI PATATE ZENZERO MENTA', b'1', -1, 8, 12),
	(23355, 5928, 'GRANI ANTICHI', 'PASTA SENATORE CAPPELLI', b'1', -1, 28, 6),
	(23356, 5928, 'PASTA FARINE SPECIALI', 'PASTA BARBABIETOLA', b'1', -1, 3, 7),
	(23357, 5929, 'PASTA FARINE SPECIALI', 'PASTA NERO SEPPIA', b'1', -1, 24, 1),
	(23361, 5929, 'PASTA FARINE SPECIALI', 'PASTA SPIRULINA', b'1', -1, 29, 2),
	(23362, 5929, 'PASTA FARINE SPECIALI', 'FARINA DI CASTAGNE', b'1', -1, 11, 10),
	(23364, 5930, 'GRANI ANTICHI', 'PASTA SENATORE CAPPELLI', b'1', -1, 28, 6),
	(23365, 5930, 'PASTA LEGUMI', 'PASTA FAGIOLI', b'1', -1, 16, 11),
	(23366, 5931, 'PASTA FARINE SPECIALI', 'FARINA DI CASTAGNE', b'1', -1, 11, 10),
	(23367, 5931, 'PASTA LEGUMI', 'PASTA PISELLI', b'1', -1, 25, 3),
	(23369, 5931, 'GRANI ANTICHI', 'PASTA SENATORE CAPPELLI', b'1', -1, 28, 6),
	(23371, 5932, 'PASTA FARINE SPECIALI', 'FARINA DI CASTAGNE', b'1', -1, 11, 10),
	(23373, 5932, 'PASTA FARINE SPECIALI', 'FARINA DI CASTAGNE', b'1', -1, 11, 10),
	(23374, 5933, 'GRANI ANTICHI', 'SEGALE INTEGRALE BIO', b'1', -1, 30, 11),
	(23379, 5935, 'PASTA LEGUMI', 'PASTA PISELLI', b'1', -1, 25, 3),
	(23380, 5936, 'PASTA LEGUMI', 'PASTA PISELLI', b'1', -1, 25, 3),
	(23381, 5936, 'PASTA LEGUMI', 'PASTA FAGIOLI', b'1', -1, 16, 11),
	(23383, 5937, 'PASTA FARINE SPECIALI', 'FARINA DI CASTAGNE', b'1', -1, 11, 10),
	(23384, 5937, 'GRANI ANTICHI', 'PASTA SENATORE CAPPELLI', b'1', -1, 28, 6),
	(23385, 5938, 'GRANI ANTICHI', 'PASTA SENATORE CAPPELLI', b'1', -1, 28, 6),
	(23387, 5938, 'GRANI ANTICHI', 'PASTA SENATORE CAPPELLI', b'1', -1, 28, 6),
	(23388, 5939, 'LASAGNE', 'LASAGNA SALSICCIA PORRI', b'0', 3, -1, -1),
	(23392, 5940, 'GRANI ANTICHI', 'SEGALE INTEGRALE BIO', b'1', -1, 30, 11),
	(23393, 5940, 'PASTA LEGUMI', 'PASTA PISELLI', b'1', -1, 25, 3),
	(23395, 5941, 'GRANI ANTICHI', 'PASTA SENATORE CAPPELLI', b'1', -1, 28, 6),
	(23397, 5941, 'PASTA FARINE SPECIALI', 'PASTA RISO NERONE', b'1', -1, 27, 8),
	(23399, 5941, 'AGNOLOTTI', 'AGNOLOTTI CARMAGNOLA', b'1', -1, 6, 12),
	(23404, 5942, 'PASTA FARINE SPECIALI', 'PASTA MORINGA', b'1', -1, 23, 3),
	(23407, 5943, 'GRANI ANTICHI', 'PASTA SENATORE CAPPELLI', b'1', -1, 28, 6),
	(23411, 5944, 'PASTA FARINE SPECIALI', 'PASTA RISO NERONE', b'1', -1, 27, 8),
	(23413, 5944, 'PASTA FARINE SPECIALI', 'PASTA MORINGA', b'1', -1, 23, 3),
	(23415, 5945, 'GRANI ANTICHI', 'PASTA SENATORE CAPPELLI', b'1', -1, 28, 6),
	(23418, 5945, 'PASTA FARINE SPECIALI', 'FARINA DI CASTAGNE', b'1', -1, 11, 10),
	(23421, 5946, 'PASTA FARINE SPECIALI', 'FARINA DI CASTAGNE', b'1', -1, 11, 10),
	(23424, 5946, 'PASTA LEGUMI', 'PASTA PISELLI', b'1', -1, 25, 3),
	(23425, 5947, 'LASAGNE', 'LASAGNA SALSICCIA PORRI', b'0', 3, -1, -1),
	(23427, 5947, 'AGNOLOTTI', 'AGNOLOTTI PATATE ZENZERO MENTA', b'1', -1, 8, 12),
	(23430, 5948, 'PASTA FARINE SPECIALI', 'PASTA BARBABIETOLA', b'1', -1, 3, 7),
	(23432, 5948, 'PASTA FARINE SPECIALI', 'PASTA QUINOA', b'1', -1, 26, 7),
	(23433, 5949, 'GRANI ANTICHI', 'PASTA SENATORE CAPPELLI', b'1', -1, 28, 6),
	(23435, 5949, 'PASTA FARINE SPECIALI', 'PASTA BARBABIETOLA', b'1', -1, 3, 7),
	(23438, 5950, 'PASTA FARINE SPECIALI', 'PASTA MORINGA', b'1', -1, 23, 3),
	(23440, 5950, 'GRANI ANTICHI', 'PASTA SENATORE CAPPELLI', b'1', -1, 28, 6),
	(23443, 5951, 'PASTA FARINE SPECIALI', 'PASTA MORINGA', b'1', -1, 23, 3),
	(23447, 5952, 'PASTA FARINE SPECIALI', 'PASTA RISO NERONE', b'1', -1, 27, 8),
	(23451, 5953, 'PASTA FARINE SPECIALI', 'PASTA QUINOA', b'1', -1, 26, 7),
	(23454, 5954, 'PASTA FARINE SPECIALI', 'FARINA DI CASTAGNE', b'1', -1, 11, 10),
	(23458, 5955, 'GRANI ANTICHI', 'PASTA SENATORE CAPPELLI', b'1', -1, 28, 6),
	(23460, 5955, 'PASTA FARINE SPECIALI', 'FARINA DI CASTAGNE', b'1', -1, 11, 10),
	(23465, 5956, 'GRANI ANTICHI', 'PASTA SENATORE CAPPELLI', b'1', -1, 28, 6),
	(23466, 5956, 'PASTA FARINE SPECIALI', 'PASTA MORINGA', b'1', -1, 23, 3),
	(23470, 5957, 'PASTA FARINE SPECIALI', 'PASTA QUINOA', b'1', -1, 26, 7),
	(23472, 5957, 'GRANI ANTICHI', 'PASTA SENATORE CAPPELLI', b'1', -1, 28, 6),
	(23473, 5957, 'PASTA FARINE SPECIALI', 'PASTA QUINOA', b'1', -1, 26, 7),
	(23474, 5958, 'PASTA FARINE SPECIALI', 'PASTA MORINGA', b'1', -1, 23, 3),
	(23477, 5959, 'LASAGNE', 'LASAGNA SCAROLA e BUFALA', b'0', 4, -1, -1),
	(23479, 5960, 'GRANI ANTICHI', 'PASTA SENATORE CAPPELLI', b'1', -1, 28, 6),
	(23480, 5960, 'AGNOLOTTI', 'AGNOLOTTI AI TRE ARROSTI', b'1', -1, 4, 12),
	(23481, 5961, 'LASAGNE', 'LASAGNA VERDURA ', b'0', 5, -1, -1),
	(23482, 5961, 'PASTA FARINE SPECIALI', 'PASTA BARBABIETOLA', b'1', -1, 3, 7),
	(23484, 5962, 'PASTA LEGUMI', 'PASTA CECI', b'1', -1, 14, 10),
	(23486, 5963, 'PASTA FARINE SPECIALI', 'PASTA QUINOA', b'1', -1, 26, 7),
	(23488, 5963, 'GRANI ANTICHI', 'SEGALE INTEGRALE BIO', b'1', -1, 30, 11),
	(23489, 5964, 'AGNOLOTTI', 'AGNOLOTTI AI TRE ARROSTI', b'1', -1, 4, 12),
	(23490, 5964, 'GRANI ANTICHI', 'PASTA SENATORE CAPPELLI', b'1', -1, 28, 6),
	(23494, 5965, 'PASTA LEGUMI', 'PASTA CECI', b'1', -1, 14, 10),
	(23496, 5965, 'GRANI ANTICHI', 'SEGALE INTEGRALE BIO', b'1', -1, 30, 11),
	(23497, 5965, 'PASTA FARINE SPECIALI', 'PASTA RISO NERONE', b'1', -1, 27, 8),
	(23498, 5965, 'LASAGNE', 'LASAGNA SCAROLA e BUFALA', b'0', 4, -1, -1),
	(23503, 5966, 'AGNOLOTTI', 'AGNOLOTTI AI TRE ARROSTI', b'1', -1, 4, 12),
	(23504, 5967, 'LASAGNE', 'LASAGNA SCAROLA e BUFALA', b'0', 4, -1, -1),
	(23508, 5968, 'AGNOLOTTI', 'AGNOLOTTI AI TRE ARROSTI', b'1', -1, 4, 12),
	(23511, 5969, 'PASTA FARINE SPECIALI', 'PASTA MORINGA', b'1', -1, 23, 3),
	(23512, 5970, 'PASTA FARINE SPECIALI', 'PASTA MORINGA', b'1', -1, 23, 3),
	(23515, 5972, 'PASTA FARINE SPECIALI', 'PASTA MORINGA', b'1', -1, 23, 3),
	(23517, 5973, 'PASTA FARINE SPECIALI', 'PASTA MORINGA', b'1', -1, 23, 3),
	(23518, 5974, 'PASTA FARINE SPECIALI', 'PASTA MORINGA', b'1', -1, 23, 3),
	(23520, 5975, 'PASTA FARINE SPECIALI', 'PASTA MORINGA', b'1', -1, 23, 3),
	(23521, 5976, 'PASTA FARINE SPECIALI', 'PASTA BARBABIETOLA', b'1', -1, 3, 7),
	(23522, 5976, 'GRANI ANTICHI', 'PASTA SENATORE CAPPELLI', b'1', -1, 28, 6),
	(23524, 5977, 'GRANI ANTICHI', 'PASTA SENATORE CAPPELLI', b'1', -1, 28, 6),
	(23528, 5977, 'GRANI ANTICHI', 'PASTA SENATORE CAPPELLI', b'1', -1, 28, 6),
	(23529, 5977, 'PASTA FARINE SPECIALI', 'FARINA DI CASTAGNE', b'1', -1, 11, 10),
	(23531, 5978, 'LASAGNE', 'LASAGNA SCAROLA e BUFALA', b'0', 4, -1, -1),
	(23533, 5979, 'PASTA FARINE SPECIALI', 'PASTA QUINOA', b'1', -1, 26, 7),
	(23535, 5979, 'GRANI ANTICHI', 'SEGALE INTEGRALE BIO', b'1', -1, 30, 11),
	(23536, 5979, 'PASTA LEGUMI', 'PASTA CECI', b'1', -1, 14, 10),
	(23539, 5980, 'LASAGNE', 'LASAGNA FELICINA', b'0', 2, -1, -1),
	(23542, 5981, 'AGNOLOTTI', 'AGNOLOTTI AI TRE ARROSTI', b'1', -1, 4, 12),
	(23543, 5981, 'PASTA FARINE SPECIALI', 'PASTA RISO NERONE', b'1', -1, 27, 8),
	(23544, 5982, 'PASTA FARINE SPECIALI', 'PASTA MORINGA', b'1', -1, 23, 3),
	(23546, 5982, 'GRANI ANTICHI', 'PASTA SENATORE CAPPELLI', b'1', -1, 28, 6),
	(23548, 5982, 'PASTA FARINE SPECIALI', 'PASTA RISO NERONE', b'1', -1, 27, 8),
	(23551, 5984, 'GRANI ANTICHI', 'PASTA SENATORE CAPPELLI', b'1', -1, 28, 6),
	(23553, 5984, 'GRANI ANTICHI', 'SEGALE INTEGRALE BIO', b'1', -1, 30, 11),
	(23556, 5985, 'PASTA FARINE SPECIALI', 'PASTA RISO NERONE', b'1', -1, 27, 8),
	(23557, 5985, 'PASTA FARINE SPECIALI', 'PASTA RISO NERONE', b'1', -1, 27, 8),
	(23558, 5985, 'PASTA LEGUMI', 'PASTA CECI', b'1', -1, 14, 10),
	(23559, 5986, 'GRANI ANTICHI', 'SEGALE INTEGRALE BIO', b'1', -1, 30, 11),
	(23562, 5986, 'PASTA FARINE SPECIALI', 'PASTA RISO NERONE', b'1', -1, 27, 8),
	(23565, 5986, 'GRANI ANTICHI', 'PASTA SENATORE CAPPELLI', b'1', -1, 28, 6),
	(23567, 5986, 'PASTA FARINE SPECIALI', 'PASTA MORINGA', b'1', -1, 23, 3),
	(23568, 5987, 'AGNOLOTTI', 'AGNOLOTTI AMATRICIANO', b'1', -1, 5, 12),
	(23570, 5987, 'GRANI ANTICHI', 'PASTA SENATORE CAPPELLI', b'1', -1, 28, 6),
	(23572, 5988, 'PASTA FARINE SPECIALI', 'PASTA BARBABIETOLA', b'1', -1, 3, 7),
	(23576, 5989, 'GRANI ANTICHI', 'PASTA SENATORE CAPPELLI', b'1', -1, 28, 6),
	(23577, 5989, 'LASAGNE', 'LASAGNA ZUCCHINE STRACCHINO', b'0', 6, -1, -1),
	(23581, 5990, 'PASTA FARINE SPECIALI', 'PASTA BARBABIETOLA', b'1', -1, 3, 7),
	(23583, 5991, 'GRANI ANTICHI', 'PASTA SENATORE CAPPELLI', b'1', -1, 28, 6),
	(23584, 5991, 'PASTA FARINE SPECIALI', 'PASTA BARBABIETOLA', b'1', -1, 3, 7),
	(23585, 5991, 'GRANI ANTICHI', 'PASTA SENATORE CAPPELLI', b'1', -1, 28, 6),
	(23597, 5993, 'PASTA FARINE SPECIALI', 'PASTA BARBABIETOLA', b'1', -1, 3, 7),
	(23601, 5994, 'PASTA FARINE SPECIALI', 'PASTA MORINGA', b'1', -1, 23, 3),
	(23603, 5994, 'PASTA FARINE SPECIALI', 'PASTA RISO NERONE', b'1', -1, 27, 8),
	(23606, 5994, 'LASAGNE', 'LASAGNE AL RAGU', b'0', 7, -1, -1),
	(23607, 5994, 'PASTA FARINE SPECIALI', 'PASTA MORINGA', b'1', -1, 23, 3),
	(23608, 5995, 'GRANI ANTICHI', 'PASTA SENATORE CAPPELLI', b'1', -1, 28, 6),
	(23609, 5995, 'PASTA FARINE SPECIALI', 'PASTA BARBABIETOLA', b'1', -1, 3, 7),
	(23616, 5996, 'GRANI ANTICHI', 'PASTA SENATORE CAPPELLI', b'1', -1, 28, 6),
	(23617, 5996, 'PASTA FARINE SPECIALI', 'PASTA RISO NERONE', b'1', -1, 27, 8),
	(23618, 5996, 'PASTA LEGUMI', 'PASTA CECI', b'1', -1, 14, 10),
	(23622, 5997, 'PASTA FARINE SPECIALI', 'FARINA DI CASTAGNE', b'1', -1, 11, 10),
	(23623, 5997, 'PASTA FARINE SPECIALI', 'PASTA RISO NERONE', b'1', -1, 27, 8),
	(23625, 5998, 'PASTA FARINE SPECIALI', 'PASTA QUINOA', b'1', -1, 26, 7),
	(23627, 5998, 'PASTA FARINE SPECIALI', 'PASTA RISO NERONE', b'1', -1, 27, 8),
	(23630, 5999, 'PASTA FARINE SPECIALI', 'PASTA BARBABIETOLA', b'1', -1, 3, 7),
	(23631, 5999, 'PASTA FARINE SPECIALI', 'PASTA RISO NERONE', b'1', -1, 27, 8),
	(23632, 5999, 'PASTA FARINE SPECIALI', 'PASTA RISO NERONE', b'1', -1, 27, 8),
	(23633, 5999, 'PASTA FARINE SPECIALI', 'FARINA DI CASTAGNE', b'1', -1, 11, 10),
	(23634, 5999, 'PASTA FARINE SPECIALI', 'PASTA QUINOA', b'1', -1, 26, 7),
	(23635, 5999, 'AGNOLOTTI', 'AGNOLOTTI MANTOVANI', b'1', -1, 7, 12),
	(23637, 6000, 'PASTA FARINE SPECIALI', 'PASTA MORINGA', b'1', -1, 23, 3),
	(23639, 6000, 'AGNOLOTTI', 'AGNOLOTTI RICOTTA PECORA, BORRAGINE, ERBETTE', b'1', -1, 9, 12),
	(23641, 6000, 'PASTA LEGUMI', 'PASTA FAGIOLI', b'1', -1, 16, 11),
	(23642, 6001, 'PASTA FARINE SPECIALI', 'FARINA DI CASTAGNE', b'1', -1, 11, 10),
	(23644, 6001, 'GRANI ANTICHI', 'PASTA SENATORE CAPPELLI', b'1', -1, 28, 6),
	(23649, 6004, 'PASTA LEGUMI', 'PASTA CECI', b'1', -1, 14, 10),
	(23650, 6005, 'GRANI ANTICHI', 'PASTA SENATORE CAPPELLI', b'1', -1, 28, 6),
	(23651, 6006, 'PASTA FARINE SPECIALI', 'PASTA MORINGA', b'1', -1, 23, 3),
	(23652, 6007, 'LASAGNE', 'LASAGNE AL RAGU', b'0', 7, -1, -1),
	(23654, 6007, 'GRANI ANTICHI', 'PASTA SENATORE CAPPELLI', b'1', -1, 28, 6),
	(23657, 6008, 'PASTA LEGUMI', 'PASTA CECI', b'1', -1, 14, 10),
	(23660, 6009, 'PASTA LEGUMI', 'PASTA CECI', b'1', -1, 14, 10),
	(23661, 6009, 'PASTA FARINE SPECIALI', 'PASTA MORINGA', b'1', -1, 23, 3),
	(23662, 6010, 'PASTA FARINE SPECIALI', 'PASTA RISO NERONE', b'1', -1, 27, 8),
	(23663, 6010, 'GRANI ANTICHI', 'PASTA SENATORE CAPPELLI', b'1', -1, 28, 6),
	(23664, 6010, 'PASTA FARINE SPECIALI', 'PASTA MORINGA', b'1', -1, 23, 3),
	(23668, 6011, 'PASTA LEGUMI', 'PASTA FAGIOLI', b'1', -1, 16, 11),
	(23669, 6011, 'GRANI ANTICHI', 'PASTA SENATORE CAPPELLI', b'1', -1, 28, 6),
	(23671, 6012, 'PASTA FARINE SPECIALI', 'PASTA RISO NERONE', b'1', -1, 27, 8),
	(23675, 6013, 'PASTA FARINE SPECIALI', 'PASTA BARBABIETOLA', b'1', -1, 3, 7),
	(23678, 6014, 'PASTA FARINE SPECIALI', 'PASTA MORINGA', b'1', -1, 23, 3),
	(23679, 6015, 'PASTA LEGUMI', 'PASTA CECI', b'1', -1, 14, 10),
	(23682, 6016, 'PASTA FARINE SPECIALI', 'PASTA RISO NERONE', b'1', -1, 27, 8),
	(23684, 6016, 'PASTA FARINE SPECIALI', 'FARINA DI CASTAGNE', b'1', -1, 11, 10),
	(23686, 6017, 'AGNOLOTTI', 'AGNOLOTTI AI TRE ARROSTI', b'1', -1, 4, 12),
	(23687, 6018, 'PASTA FARINE SPECIALI', 'PASTA QUINOA', b'1', -1, 26, 7),
	(23692, 6019, 'PASTA LEGUMI', 'PASTA CECI', b'1', -1, 14, 10),
	(23694, 6019, 'PASTA LEGUMI', 'PASTA CECI', b'1', -1, 14, 10),
	(23699, 6021, 'LASAGNE', 'LASAGNE AL RAGU', b'0', 7, -1, -1),
	(23701, 6021, 'LASAGNE', 'LASAGNE AL RAGU', b'0', 7, -1, -1),
	(23704, 6022, 'GRANI ANTICHI', 'PASTA FARRO INTEGRALE', b'1', -1, 18, 7),
	(23707, 6022, 'LASAGNE', 'LASAGNA ZUCCHINE STRACCHINO', b'0', 6, -1, -1),
	(23709, 6023, 'PASTA LEGUMI', 'PASTA FAGIOLI', b'1', -1, 16, 11),
	(23710, 6023, 'AGNOLOTTI', 'AGNOLOTTI AMATRICIANO', b'1', -1, 5, 12),
	(23714, 6024, 'AGNOLOTTI', 'AGNOLOTTI AMATRICIANO', b'1', -1, 5, 12),
	(23716, 6025, 'GRANI ANTICHI', 'SEGALE INTEGRALE BIO', b'1', -1, 30, 11),
	(23718, 6025, 'PASTA FARINE SPECIALI', 'PASTA BARBABIETOLA', b'1', -1, 3, 7),
	(23720, 6026, 'GRANI ANTICHI', 'PASTA SENATORE CAPPELLI', b'1', -1, 28, 6),
	(23721, 6027, 'GRANI ANTICHI', 'PASTA SENATORE CAPPELLI', b'1', -1, 28, 6),
	(23723, 6027, 'LASAGNE', 'LASAGNE AL RAGU', b'0', 7, -1, -1),
	(23725, 6027, 'PASTA FARINE SPECIALI', 'PASTA QUINOA', b'1', -1, 26, 7),
	(23726, 6027, 'PASTA FARINE SPECIALI', 'PASTA MORINGA', b'1', -1, 23, 3),
	(23728, 6028, 'PASTA FARINE SPECIALI', 'PASTA SPIRULINA', b'1', -1, 29, 2),
	(23732, 6029, 'PASTA FARINE SPECIALI', 'PASTA BARBABIETOLA', b'1', -1, 3, 7),
	(23735, 6030, 'GRANI ANTICHI', 'SEGALE INTEGRALE BIO', b'1', -1, 30, 11),
	(23736, 6030, 'GRANI ANTICHI', 'PASTA SENATORE CAPPELLI', b'1', -1, 28, 6),
	(23738, 6031, 'PASTA FARINE SPECIALI', 'PASTA QUINOA', b'1', -1, 26, 7),
	(23739, 6031, 'PASTA FARINE SPECIALI', 'PASTA SPIRULINA', b'1', -1, 29, 2),
	(23741, 6032, 'GRANI ANTICHI', 'SEGALE INTEGRALE BIO', b'1', -1, 30, 11),
	(23742, 6032, 'PASTA FARINE SPECIALI', 'PASTA BARBABIETOLA', b'1', -1, 3, 7),
	(23745, 6032, 'GRANI ANTICHI', 'PASTA SENATORE CAPPELLI', b'1', -1, 28, 6),
	(23752, 6035, 'LASAGNE', 'LASAGNA SCAROLA e BUFALA', b'0', 4, -1, -1),
	(23753, 6035, 'PASTA FARINE SPECIALI', 'FARINA DI CASTAGNE', b'1', -1, 11, 10),
	(23754, 6036, 'AGNOLOTTI', 'AGNOLOTTI RICOTTA SPINACI', b'1', -1, 10, 12),
	(23756, 6036, 'LASAGNE', 'LASAGNA SCAROLA e BUFALA', b'0', 4, -1, -1),
	(23757, 6036, 'GRANI ANTICHI', 'PASTA SENATORE CAPPELLI', b'1', -1, 28, 6),
	(23758, 6036, 'GRANI ANTICHI', 'PASTA SENATORE CAPPELLI', b'1', -1, 28, 6),
	(23759, 6036, 'PASTA LEGUMI', 'PASTA CECI', b'1', -1, 14, 10),
	(23762, 6037, 'GRANI ANTICHI', 'PASTA SENATORE CAPPELLI', b'1', -1, 28, 6),
	(23763, 6037, 'PASTA FARINE SPECIALI', 'PASTA QUINOA', b'1', -1, 26, 7),
	(23766, 6038, 'LASAGNE', 'LASAGNA SCAROLA e BUFALA', b'0', 4, -1, -1),
	(23767, 6038, 'GRANI ANTICHI', 'PASTA SENATORE CAPPELLI', b'1', -1, 28, 6),
	(23768, 6038, 'PASTA FARINE SPECIALI', 'FARINA DI CASTAGNE', b'1', -1, 11, 10),
	(23769, 6039, 'AGNOLOTTI', 'AGNOLOTTI RICOTTA SPINACI', b'1', -1, 10, 12),
	(23772, 6039, 'PASTA FARINE SPECIALI', 'PASTA QUINOA', b'1', -1, 26, 7),
	(23773, 6039, 'LASAGNE', 'LASAGNA SCAROLA e BUFALA', b'0', 4, -1, -1),
	(23774, 6040, 'PASTA FARINE SPECIALI', 'PASTA NERO SEPPIA', b'1', -1, 24, 1),
	(23775, 6040, 'PASTA LEGUMI', 'PASTA FAVE', b'1', -1, 19, 7),
	(23778, 6041, 'PASTA FARINE SPECIALI', 'PASTA SPIRULINA', b'1', -1, 29, 2),
	(23781, 6041, 'PASTA LEGUMI', 'PASTA FAVE', b'1', -1, 19, 7),
	(23782, 6042, 'PASTA LEGUMI', 'PASTA CECI', b'1', -1, 14, 10),
	(23784, 6043, 'GRANI ANTICHI', 'SEGALE INTEGRALE BIO', b'1', -1, 30, 11),
	(23785, 6044, 'PASTA FARINE SPECIALI', 'PASTA NERO SEPPIA', b'1', -1, 24, 1),
	(23786, 6044, 'PASTA FARINE SPECIALI', 'PASTA NERO SEPPIA', b'1', -1, 24, 1),
	(23790, 6045, 'PASTA FARINE SPECIALI', 'PASTA QUINOA', b'1', -1, 26, 7),
	(23792, 6046, 'PASTA FARINE SPECIALI', 'PASTA NERO SEPPIA', b'1', -1, 24, 1),
	(23797, 6048, 'GRANI ANTICHI', 'PASTA SENATORE CAPPELLI', b'1', -1, 28, 6),
	(23800, 6049, 'PASTA FARINE SPECIALI', 'FARINA DI CASTAGNE', b'1', -1, 11, 10),
	(23803, 6050, 'PASTA FARINE SPECIALI', 'PASTA SPIRULINA', b'1', -1, 29, 2),
	(23806, 6051, 'PASTA FARINE SPECIALI', 'FARINA DI CASTAGNE', b'1', -1, 11, 10),
	(23811, 6052, 'PASTA FARINE SPECIALI', 'PASTA SPIRULINA', b'1', -1, 29, 2),
	(23813, 6053, 'PASTA FARINE SPECIALI', 'PASTA SPIRULINA', b'1', -1, 29, 2),
	(23817, 6054, 'LASAGNE', 'LASAGNE AL RAGU', b'0', 7, -1, -1),
	(23818, 6054, 'PASTA FARINE SPECIALI', 'PASTA SPIRULINA', b'1', -1, 29, 2),
	(23821, 6055, 'GRANI ANTICHI', 'PASTA SENATORE CAPPELLI', b'1', -1, 28, 6),
	(23823, 6056, 'PASTA LEGUMI', 'PASTA FAVE', b'1', -1, 19, 7),
	(23825, 6057, 'GRANI ANTICHI', 'PASTA SENATORE CAPPELLI', b'1', -1, 28, 6),
	(23827, 6058, 'GRANI ANTICHI', 'PASTA SENATORE CAPPELLI', b'1', -1, 28, 6),
	(23828, 6059, 'PASTA FARINE SPECIALI', 'FARINA DI CASTAGNE', b'1', -1, 11, 10),
	(23831, 6060, 'GRANI ANTICHI', 'PASTA SENATORE CAPPELLI', b'1', -1, 28, 6),
	(23832, 6061, 'PASTA FARINE SPECIALI', 'FARINA DI CASTAGNE', b'1', -1, 11, 10),
	(23833, 6061, 'PASTA LEGUMI', 'PASTA CECI', b'1', -1, 14, 10),
	(23837, 6062, 'LASAGNE', 'LASAGNE AL RAGU', b'0', 7, -1, -1),
	(23840, 6063, 'LASAGNE', 'LASAGNE AL RAGU', b'0', 7, -1, -1),
	(23841, 6064, 'GRANI ANTICHI', 'PASTA SENATORE CAPPELLI', b'1', -1, 28, 6),
	(23844, 6066, 'LASAGNE', 'LASAGNE AL RAGU', b'0', 7, -1, -1),
	(23846, 6066, 'PASTA FARINE SPECIALI', 'PASTA BARBABIETOLA', b'1', -1, 3, 7),
	(23848, 6067, 'GRANI ANTICHI', 'SEGALE INTEGRALE BIO', b'1', -1, 30, 11),
	(23849, 6067, 'GRANI ANTICHI', 'PASTA SENATORE CAPPELLI', b'1', -1, 28, 6),
	(23852, 6068, 'AGNOLOTTI', 'AGNOLOTTI CAPRINO LIMONE', b'1', -1, 1, 12),
	(23855, 6068, 'PASTA FARINE SPECIALI', 'PASTA SPIRULINA', b'1', -1, 29, 2),
	(23858, 6069, 'PASTA FARINE SPECIALI', 'PASTA QUINOA', b'1', -1, 26, 7),
	(23860, 6069, 'GRANI ANTICHI', 'PASTA SENATORE CAPPELLI', b'1', -1, 28, 6),
	(23864, 6070, 'PASTA FARINE SPECIALI', 'PASTA BARBABIETOLA', b'1', -1, 3, 7),
	(23865, 6070, 'GRANI ANTICHI', 'PASTA SENATORE CAPPELLI', b'1', -1, 28, 6),
	(23867, 6071, 'PASTA FARINE SPECIALI', 'PASTA NERO SEPPIA', b'1', -1, 24, 1),
	(23868, 6071, 'PASTA FARINE SPECIALI', 'FARINA DI CASTAGNE', b'1', -1, 11, 10),
	(23874, 6072, 'PASTA FARINE SPECIALI', 'PASTA SPIRULINA', b'1', -1, 29, 2),
	(23875, 6072, 'AGNOLOTTI', 'AGNOLOTTI CAPRINO LIMONE', b'1', -1, 1, 12),
	(23876, 6073, 'AGNOLOTTI', 'AGNOLOTTI CAPRINO LIMONE', b'1', -1, 1, 12),
	(23877, 6074, 'PASTA FARINE SPECIALI', 'PASTA NERO SEPPIA', b'1', -1, 24, 1),
	(23879, 6074, 'PASTA FARINE SPECIALI', 'PASTA BARBABIETOLA', b'1', -1, 3, 7),
	(23883, 6074, 'PASTA FARINE SPECIALI', 'PASTA QUINOA', b'1', -1, 26, 7),
	(23885, 6075, 'AGNOLOTTI', 'AGNOLOTTI CAPRINO LIMONE', b'1', -1, 1, 12),
	(23888, 6076, 'LASAGNE', 'LASAGNE AL RAGU', b'0', 7, -1, -1),
	(23890, 6077, 'AGNOLOTTI', 'AGNOLOTTI CAPRINO LIMONE', b'1', -1, 1, 12),
	(23892, 6078, 'PASTA LEGUMI', 'PASTA FAVE', b'1', -1, 19, 7),
	(23895, 6079, 'AGNOLOTTI', 'AGNOLOTTI CAPRINO LIMONE', b'1', -1, 1, 12),
	(23897, 6080, 'PASTA LEGUMI', 'PASTA FAVE', b'1', -1, 19, 7),
	(23900, 6081, 'PASTA FARINE SPECIALI', 'PASTA BARBABIETOLA', b'1', -1, 3, 7),
	(23902, 6081, 'AGNOLOTTI', 'AGNOLOTTI AMATRICIANO', b'1', -1, 5, 12),
	(23905, 6082, 'PASTA FARINE SPECIALI', 'FARINA DI CASTAGNE', b'1', -1, 11, 10),
	(23907, 6083, 'GRANI ANTICHI', 'PASTA SENATORE CAPPELLI', b'1', -1, 28, 6),
	(23911, 6084, 'GRANI ANTICHI', 'PASTA SENATORE CAPPELLI', b'1', -1, 28, 6),
	(23912, 6084, 'PASTA LEGUMI', 'PASTA LENTICCHIE', b'1', -1, 21, 9),
	(23913, 6084, 'PASTA FARINE SPECIALI', 'FARINA DI CASTAGNE', b'1', -1, 11, 10),
	(23914, 6085, 'PASTA FARINE SPECIALI', 'PASTA SPIRULINA', b'1', -1, 29, 2),
	(23917, 6085, 'PASTA FARINE SPECIALI', 'PASTA BARBABIETOLA', b'1', -1, 3, 7),
	(23919, 6086, 'PASTA FARINE SPECIALI', 'FARINA DI CASTAGNE', b'1', -1, 11, 10),
	(23924, 6087, 'AGNOLOTTI', 'AGNOLOTTI AMATRICIANO', b'1', -1, 5, 12),
	(23927, 6088, 'PASTA FARINE SPECIALI', 'PASTA GRANO ARSO', b'1', -1, 20, 3),
	(23929, 6089, 'GRANI ANTICHI', 'SEGALE INTEGRALE BIO', b'1', -1, 30, 11),
	(23934, 6090, 'PASTA FARINE SPECIALI', 'FARINA DI CASTAGNE', b'1', -1, 11, 10),
	(23935, 6091, 'GRANI ANTICHI', 'PASTA SENATORE CAPPELLI', b'1', -1, 28, 6),
	(23938, 6092, 'PASTA FARINE SPECIALI', 'PASTA SPIRULINA', b'1', -1, 29, 2),
	(23939, 6092, 'PASTA FARINE SPECIALI', 'PASTA BARBABIETOLA', b'1', -1, 3, 7),
	(23940, 6092, 'GRANI ANTICHI', 'PASTA SENATORE CAPPELLI', b'1', -1, 28, 6),
	(23942, 6093, 'PASTA FARINE SPECIALI', 'FARINA DI CASTAGNE', b'1', -1, 11, 10),
	(23943, 6093, 'AGNOLOTTI', 'AGNOLOTTI AMATRICIANO', b'1', -1, 5, 12),
	(23945, 6094, 'GRANI ANTICHI', 'PASTA SENATORE CAPPELLI', b'1', -1, 28, 6),
	(23946, 6095, 'PASTA FARINE SPECIALI', 'PASTA NERO SEPPIA', b'1', -1, 24, 1),
	(23950, 6096, 'PASTA FARINE SPECIALI', 'PASTA SPIRULINA', b'1', -1, 29, 2),
	(23951, 6097, 'AGNOLOTTI', 'AGNOLOTTI AMATRICIANO', b'1', -1, 5, 12),
	(23955, 6098, 'AGNOLOTTI', 'AGNOLOTTI AMATRICIANO', b'1', -1, 5, 12),
	(23958, 6099, 'AGNOLOTTI', 'AGNOLOTTI RICOTTA PECORA, BORRAGINE, ERBETTE', b'1', -1, 9, 12),
	(23962, 6100, 'LASAGNE', 'LASAGNA VERDURA ', b'0', 5, -1, -1),
	(23966, 6101, 'PASTA FARINE SPECIALI', 'PASTA NERO SEPPIA', b'1', -1, 24, 1),
	(23967, 6101, 'LASAGNE', 'LASAGNA VERDURA ', b'0', 5, -1, -1),
	(23968, 6101, 'PASTA LEGUMI', 'PASTA FAVE', b'1', -1, 19, 7),
	(23969, 6101, 'AGNOLOTTI', 'AGNOLOTTI CARMAGNOLA', b'1', -1, 6, 12),
	(23971, 6102, 'PASTA FARINE SPECIALI', 'PASTA SPIRULINA', b'1', -1, 29, 2),
	(23974, 6102, 'GRANI ANTICHI', 'PASTA SENATORE CAPPELLI', b'1', -1, 28, 6),
	(23975, 6102, 'PASTA LEGUMI', 'PASTA LENTICCHIE', b'1', -1, 21, 9),
	(23976, 6103, 'PASTA LEGUMI', 'PASTA FAVE', b'1', -1, 19, 7),
	(23977, 6104, 'PASTA LEGUMI', 'PASTA FAVE', b'1', -1, 19, 7),
	(23980, 6104, 'LASAGNE', 'LASAGNA VERDURA ', b'0', 5, -1, -1),
	(23983, 6105, 'AGNOLOTTI', 'AGNOLOTTI RICOTTA PECORA, BORRAGINE, ERBETTE', b'1', -1, 9, 12),
	(23984, 6105, 'GRANI ANTICHI', 'PASTA SENATORE CAPPELLI', b'1', -1, 28, 6),
	(23985, 6105, 'GRANI ANTICHI', 'PASTA SENATORE CAPPELLI', b'1', -1, 28, 6),
	(23986, 6105, 'PASTA LEGUMI', 'PASTA FAVE', b'1', -1, 19, 7),
	(23988, 6106, 'PASTA FARINE SPECIALI', 'PASTA BARBABIETOLA', b'1', -1, 3, 7),
	(23990, 6107, 'GRANI ANTICHI', 'PASTA SENATORE CAPPELLI', b'1', -1, 28, 6),
	(23991, 6108, 'LASAGNE', 'LASAGNA VERDURA ', b'0', 5, -1, -1),
	(23994, 6109, 'AGNOLOTTI', 'AGNOLOTTI RICOTTA PECORA, BORRAGINE, ERBETTE', b'1', -1, 9, 12),
	(23997, 6110, 'PASTA FARINE SPECIALI', 'PASTA BARBABIETOLA', b'1', -1, 3, 7),
	(24000, 6111, 'PASTA LEGUMI', 'PASTA LENTICCHIE', b'1', -1, 21, 9),
	(24001, 6111, 'PASTA FARINE SPECIALI', 'FARINA DI CASTAGNE', b'1', -1, 11, 10),
	(24003, 6112, 'GRANI ANTICHI', 'PASTA SENATORE CAPPELLI', b'1', -1, 28, 6),
	(24005, 6112, 'GRANI ANTICHI', 'PASTA SENATORE CAPPELLI', b'1', -1, 28, 6),
	(24007, 6112, 'GRANI ANTICHI', 'SEGALE INTEGRALE BIO', b'1', -1, 30, 11),
	(24008, 6112, 'AGNOLOTTI', 'AGNOLOTTI RICOTTA PECORA, BORRAGINE, ERBETTE', b'1', -1, 9, 12),
	(24012, 6113, 'GRANI ANTICHI', 'PASTA FARRO INTEGRALE', b'1', -1, 18, 7),
	(24014, 6113, 'GRANI ANTICHI', 'PASTA SENATORE CAPPELLI', b'1', -1, 28, 6),
	(24016, 6114, 'PASTA LEGUMI', 'PASTA LENTICCHIE', b'1', -1, 21, 9),
	(24020, 6114, 'GRANI ANTICHI', 'PASTA SENATORE CAPPELLI', b'1', -1, 28, 6),
	(24029, 6116, 'PASTA FARINE SPECIALI', 'PASTA NERO SEPPIA', b'1', -1, 24, 1),
	(24040, 6119, 'PASTA LEGUMI', 'PASTA LENTICCHIE', b'1', -1, 21, 9),
	(24041, 6120, 'PASTA FARINE SPECIALI', 'FARINA DI CASTAGNE', b'1', -1, 11, 10),
	(24042, 6120, 'LASAGNE', 'LASAGNA SCAROLA e BUFALA', b'0', 4, -1, -1),
	(24044, 6121, 'PASTA FARINE SPECIALI', 'PASTA BARBABIETOLA', b'1', -1, 3, 7),
	(24046, 6122, 'GRANI ANTICHI', 'PASTA SENATORE CAPPELLI', b'1', -1, 28, 6),
	(24048, 6123, 'GRANI ANTICHI', 'PASTA FARRO INTEGRALE', b'1', -1, 18, 7),
	(24049, 6123, 'PASTA FARINE SPECIALI', 'PASTA GRANO ARSO', b'1', -1, 20, 3),
	(24051, 6124, 'PASTA FARINE SPECIALI', 'PASTA GRANO ARSO', b'1', -1, 20, 3),
	(24054, 6125, 'PASTA FARINE SPECIALI', 'PASTA GRANO ARSO', b'1', -1, 20, 3),
	(24055, 6125, 'PASTA FARINE SPECIALI', 'PASTA SPIRULINA', b'1', -1, 29, 2),
	(24057, 6126, 'PASTA FARINE SPECIALI', 'PASTA BARBABIETOLA', b'1', -1, 3, 7),
	(24061, 6127, 'PASTA FARINE SPECIALI', 'PASTA GRANO ARSO', b'1', -1, 20, 3),
	(24062, 6128, 'GRANI ANTICHI', 'PASTA FARRO INTEGRALE', b'1', -1, 18, 7),
	(24064, 6129, 'AGNOLOTTI', 'AGNOLOTTI PATATE MERLUZZO', b'1', -1, 2, 12),
	(24068, 6130, 'PASTA FARINE SPECIALI', 'PASTA SPIRULINA', b'1', -1, 29, 2),
	(24072, 6131, 'AGNOLOTTI', 'AGNOLOTTI PATATE MERLUZZO', b'1', -1, 2, 12),
	(24075, 6132, 'GRANI ANTICHI', 'PASTA FARRO INTEGRALE', b'1', -1, 18, 7),
	(24077, 6134, 'PASTA FARINE SPECIALI', 'FARINA DI CASTAGNE', b'1', -1, 11, 10),
	(24080, 6135, 'PASTA FARINE SPECIALI', 'FARINA DI CASTAGNE', b'1', -1, 11, 10),
	(24083, 6136, 'GRANI ANTICHI', 'PASTA SENATORE CAPPELLI', b'1', -1, 28, 6),
	(24087, 6137, 'PASTA FARINE SPECIALI', 'PASTA NERO SEPPIA', b'1', -1, 24, 1),
	(24089, 6138, 'PASTA FARINE SPECIALI', 'PASTA SPIRULINA', b'1', -1, 29, 2),
	(24090, 6139, 'GRANI ANTICHI', 'PASTA SENATORE CAPPELLI', b'1', -1, 28, 6),
	(24093, 6140, 'PASTA LEGUMI', 'PASTA LENTICCHIE', b'1', -1, 21, 9),
	(24094, 6140, 'PASTA FARINE SPECIALI', 'PASTA SPIRULINA', b'1', -1, 29, 2),
	(24096, 6141, 'PASTA FARINE SPECIALI', 'PASTA SPIRULINA', b'1', -1, 29, 2),
	(24098, 6141, 'LASAGNE', 'LASAGNA VERDURA ', b'0', 5, -1, -1),
	(24100, 6141, 'PASTA FARINE SPECIALI', 'FARINA DI CASTAGNE', b'1', -1, 11, 10),
	(24101, 6141, 'PASTA LEGUMI', 'PASTA LENTICCHIE', b'1', -1, 21, 9),
	(24102, 6142, 'GRANI ANTICHI', 'PASTA FARRO INTEGRALE', b'1', -1, 18, 7),
	(24105, 6143, 'PASTA FARINE SPECIALI', 'FARINA DI CASTAGNE', b'1', -1, 11, 10),
	(24106, 6143, 'GRANI ANTICHI', 'PASTA SENATORE CAPPELLI', b'1', -1, 28, 6),
	(24108, 6144, 'PASTA FARINE SPECIALI', 'PASTA SPIRULINA', b'1', -1, 29, 2),
	(24110, 6145, 'AGNOLOTTI', 'AGNOLOTTI PATATE MERLUZZO', b'1', -1, 2, 12),
	(24111, 6145, 'PASTA LEGUMI', 'PASTA LENTICCHIE', b'1', -1, 21, 9),
	(24112, 6146, 'GRANI ANTICHI', 'PASTA SENATORE CAPPELLI', b'1', -1, 28, 6),
	(24113, 6147, 'PASTA LEGUMI', 'PASTA LENTICCHIE', b'1', -1, 21, 9),
	(24115, 6147, 'AGNOLOTTI', 'AGNOLOTTI MANTOVANI', b'1', -1, 7, 12),
	(24116, 6148, 'GRANI ANTICHI', 'PASTA FARRO INTEGRALE', b'1', -1, 18, 7),
	(24117, 6148, 'PASTA FARINE SPECIALI', 'PASTA BARBABIETOLA', b'1', -1, 3, 7),
	(24121, 6149, 'AGNOLOTTI', 'AGNOLOTTI PATATE MERLUZZO', b'1', -1, 2, 12),
	(24122, 6149, 'GRANI ANTICHI', 'PASTA FARRO INTEGRALE', b'1', -1, 18, 7),
	(24127, 6150, 'PASTA FARINE SPECIALI', 'FARINA DI CASTAGNE', b'1', -1, 11, 10),
	(24130, 6150, 'PASTA FARINE SPECIALI', 'PASTA GRANO ARSO', b'1', -1, 20, 3),
	(24131, 6150, 'GRANI ANTICHI', 'PASTA SENATORE CAPPELLI', b'1', -1, 28, 6),
	(24132, 6150, 'PASTA LEGUMI', 'PASTA LENTICCHIE', b'1', -1, 21, 9),
	(24134, 6150, 'PASTA LEGUMI', 'PASTA LENTICCHIE', b'1', -1, 21, 9),
	(24136, 6151, 'AGNOLOTTI', 'AGNOLOTTI PATATE MERLUZZO', b'1', -1, 2, 12),
	(24138, 6151, 'PASTA FARINE SPECIALI', 'FARINA DI CASTAGNE', b'1', -1, 11, 10),
	(24141, 6152, 'PASTA FARINE SPECIALI', 'PASTA SPIRULINA', b'1', -1, 29, 2),
	(24143, 6152, 'PASTA FARINE SPECIALI', 'FARINA DI CASTAGNE', b'1', -1, 11, 10),
	(24148, 6153, 'PASTA FARINE SPECIALI', 'PASTA SPIRULINA', b'1', -1, 29, 2),
	(24149, 6153, 'GRANI ANTICHI', 'PASTA FARRO INTEGRALE', b'1', -1, 18, 7),
	(24153, 6154, 'LASAGNE', 'LASAGNA ZUCCHINE STRACCHINO', b'0', 6, -1, -1),
	(24154, 6154, 'PASTA FARINE SPECIALI', 'PASTA BARBABIETOLA', b'1', -1, 3, 7),
	(24155, 6155, 'GRANI ANTICHI', 'PASTA SENATORE CAPPELLI', b'1', -1, 28, 6),
	(24157, 6155, 'PASTA FARINE SPECIALI', 'PASTA SPIRULINA', b'1', -1, 29, 2),
	(24158, 6155, 'PASTA FARINE SPECIALI', 'PASTA BARBABIETOLA', b'1', -1, 3, 7),
	(24161, 6156, 'PASTA FARINE SPECIALI', 'PASTA GRANO ARSO', b'1', -1, 20, 3),
	(24164, 6156, 'PASTA LEGUMI', 'PASTA FAVE', b'1', -1, 19, 7),
	(24166, 6156, 'PASTA FARINE SPECIALI', 'PASTA BARBABIETOLA', b'1', -1, 3, 7),
	(24167, 6156, 'GRANI ANTICHI', 'PASTA FARRO INTEGRALE', b'1', -1, 18, 7),
	(24172, 6158, 'PASTA FARINE SPECIALI', 'PASTA BARBABIETOLA', b'1', -1, 3, 7),
	(24173, 6158, 'PASTA FARINE SPECIALI', 'FARINA DI CASTAGNE', b'1', -1, 11, 10),
	(24183, 6160, 'GRANI ANTICHI', 'PASTA FARRO INTEGRALE', b'1', -1, 18, 7),
	(24184, 6160, 'GRANI ANTICHI', 'PASTA SENATORE CAPPELLI', b'1', -1, 28, 6),
	(24188, 6160, 'PASTA FARINE SPECIALI', 'PASTA SPIRULINA', b'1', -1, 29, 2),
	(24189, 6160, 'PASTA FARINE SPECIALI', 'PASTA RISO NERONE', b'1', -1, 27, 8),
	(24192, 6160, 'GRANI ANTICHI', 'PASTA SENATORE CAPPELLI', b'1', -1, 28, 6),
	(24193, 6161, 'GRANI ANTICHI', 'PASTA FARRO INTEGRALE', b'1', -1, 18, 7),
	(24197, 6161, 'GRANI ANTICHI', 'PASTA SENATORE CAPPELLI', b'1', -1, 28, 6),
	(24201, 6162, 'PASTA FARINE SPECIALI', 'PASTA SPIRULINA', b'1', -1, 29, 2),
	(24202, 6162, 'GRANI ANTICHI', 'PASTA SENATORE CAPPELLI', b'1', -1, 28, 6),
	(24205, 6163, 'PASTA FARINE SPECIALI', 'PASTA SPIRULINA', b'1', -1, 29, 2),
	(24206, 6163, 'PASTA LEGUMI', 'PASTA FAVE', b'1', -1, 19, 7),
	(24207, 6163, 'GRANI ANTICHI', 'PASTA SENATORE CAPPELLI', b'1', -1, 28, 6),
	(24214, 6165, 'PASTA FARINE SPECIALI', 'PASTA BARBABIETOLA', b'1', -1, 3, 7),
	(24223, 6167, 'PASTA LEGUMI', 'PASTA FAVE', b'1', -1, 19, 7),
	(24225, 6168, 'GRANI ANTICHI', 'PASTA FARRO INTEGRALE', b'1', -1, 18, 7),
	(24240, 6171, 'PASTA LEGUMI', 'PASTA FAVE', b'1', -1, 19, 7),
	(24242, 6172, 'AGNOLOTTI', 'AGNOLOTTI PATATE MERLUZZO', b'1', -1, 2, 12),
	(24244, 6173, 'AGNOLOTTI', 'AGNOLOTTI CARMAGNOLA', b'1', -1, 6, 12),
	(24246, 6173, 'PASTA FARINE SPECIALI', 'PASTA BARBABIETOLA', b'1', -1, 3, 7),
	(24249, 6174, 'PASTA LEGUMI', 'PASTA LENTICCHIE', b'1', -1, 21, 9),
	(24251, 6175, 'GRANI ANTICHI', 'PASTA FARRO INTEGRALE', b'1', -1, 18, 7),
	(24252, 6175, 'PASTA LEGUMI', 'PASTA FAVE', b'1', -1, 19, 7),
	(24253, 6176, 'LASAGNE', 'LASAGNA ZUCCHINE STRACCHINO', b'0', 6, -1, -1),
	(24255, 6176, 'GRANI ANTICHI', 'PASTA SENATORE CAPPELLI', b'1', -1, 28, 6),
	(24256, 6176, 'GRANI ANTICHI', 'PASTA SENATORE CAPPELLI', b'1', -1, 28, 6),
	(24258, 6176, 'PASTA FARINE SPECIALI', 'PASTA RISO NERONE', b'1', -1, 27, 8),
	(24259, 6177, 'LASAGNE', 'LASAGNA VERDURA ', b'0', 5, -1, -1),
	(24261, 6177, 'AGNOLOTTI', 'AGNOLOTTI RICOTTA SPINACI', b'1', -1, 10, 12),
	(24266, 6178, 'GRANI ANTICHI', 'PASTA SENATORE CAPPELLI', b'1', -1, 28, 6),
	(24267, 6178, 'PASTA FARINE SPECIALI', 'PASTA RISO NERONE', b'1', -1, 27, 8),
	(24268, 6179, 'PASTA FARINE SPECIALI', 'PASTA RISO NERONE', b'1', -1, 27, 8),
	(24277, 6181, 'GRANI ANTICHI', 'PASTA FARRO INTEGRALE', b'1', -1, 18, 7),
	(24279, 6182, 'GRANI ANTICHI', 'PASTA FARRO INTEGRALE', b'1', -1, 18, 7),
	(24282, 6183, 'AGNOLOTTI', 'AGNOLOTTI PATATE MERLUZZO', b'1', -1, 2, 12),
	(24283, 6184, 'PASTA LEGUMI', 'PASTA FAVE', b'1', -1, 19, 7),
	(24286, 6184, 'AGNOLOTTI', 'AGNOLOTTI RICOTTA SPINACI', b'1', -1, 10, 12),
	(24289, 6185, 'GRANI ANTICHI', 'PASTA SENATORE CAPPELLI', b'1', -1, 28, 6),
	(24290, 6186, 'PASTA FARINE SPECIALI', 'PASTA SPIRULINA', b'1', -1, 29, 2),
	(24292, 6187, 'AGNOLOTTI', 'AGNOLOTTI RICOTTA SPINACI', b'1', -1, 10, 12),
	(24294, 6188, 'PASTA FARINE SPECIALI', 'PASTA SPIRULINA', b'1', -1, 29, 2),
	(24298, 6189, 'LASAGNE', 'LASAGNA ZUCCHINE STRACCHINO', b'0', 6, -1, -1),
	(24299, 6189, 'AGNOLOTTI', 'AGNOLOTTI RICOTTA SPINACI', b'1', -1, 10, 12),
	(24301, 6190, 'GRANI ANTICHI', 'PASTA FARRO INTEGRALE', b'1', -1, 18, 7),
	(24304, 6191, 'LASAGNE', 'LASAGNA ZUCCHINE STRACCHINO', b'0', 6, -1, -1),
	(24307, 6192, 'PASTA FARINE SPECIALI', 'PASTA SPIRULINA', b'1', -1, 29, 2),
	(24310, 6193, 'GRANI ANTICHI', 'PASTA SENATORE CAPPELLI', b'1', -1, 28, 6),
	(24312, 6193, 'PASTA FARINE SPECIALI', 'PASTA RISO NERONE', b'1', -1, 27, 8),
	(24314, 6193, 'PASTA FARINE SPECIALI', 'PASTA SPIRULINA', b'1', -1, 29, 2),
	(24315, 6193, 'PASTA FARINE SPECIALI', 'PASTA BARBABIETOLA', b'1', -1, 3, 7),
	(24316, 6194, 'PASTA LEGUMI', 'PASTA FAVE', b'1', -1, 19, 7),
	(24318, 6195, 'LASAGNE', 'LASAGNA VERDURA ', b'0', 5, -1, -1),
	(24322, 6198, 'AGNOLOTTI', 'AGNOLOTTI RICOTTA PECORA, BORRAGINE, ERBETTE', b'1', -1, 9, 12),
	(24324, 6198, 'PASTA LEGUMI', 'PASTA LENTICCHIE', b'1', -1, 21, 9),
	(24326, 6199, 'PASTA FARINE SPECIALI', 'PASTA SPIRULINA', b'1', -1, 29, 2),
	(24327, 6199, 'PASTA LEGUMI', 'PASTA FAVE', b'1', -1, 19, 7),
	(24332, 6200, 'PASTA FARINE SPECIALI', 'PASTA GRANO ARSO', b'1', -1, 20, 3),
	(24333, 6200, 'PASTA FARINE SPECIALI', 'PASTA SPIRULINA', b'1', -1, 29, 2),
	(24335, 6201, 'PASTA FARINE SPECIALI', 'PASTA RISO NERONE', b'1', -1, 27, 8),
	(24336, 6201, 'PASTA FARINE SPECIALI', 'PASTA SPIRULINA', b'1', -1, 29, 2),
	(24338, 6202, 'PASTA FARINE SPECIALI', 'PASTA SPIRULINA', b'1', -1, 29, 2),
	(24340, 6203, 'GRANI ANTICHI', 'PASTA FARRO INTEGRALE', b'1', -1, 18, 7),
	(24344, 6204, 'GRANI ANTICHI', 'PASTA SENATORE CAPPELLI', b'1', -1, 28, 6),
	(24347, 6205, 'PASTA LEGUMI', 'PASTA FAVE', b'1', -1, 19, 7),
	(24348, 6206, 'PASTA FARINE SPECIALI', 'FARINA DI CASTAGNE', b'1', -1, 11, 10),
	(24351, 6207, 'PASTA FARINE SPECIALI', 'PASTA MORINGA', b'1', -1, 23, 3),
	(24373, 6213, 'PASTA LEGUMI', 'PASTA LENTICCHIE', b'1', -1, 21, 9),
	(24374, 6214, 'PASTA FARINE SPECIALI', 'PASTA MORINGA', b'1', -1, 23, 3),
	(24379, 6215, 'PASTA FARINE SPECIALI', 'PASTA BARBABIETOLA', b'1', -1, 3, 7),
	(24381, 6215, 'PASTA FARINE SPECIALI', 'PASTA MORINGA', b'1', -1, 23, 3),
	(24384, 6216, 'PASTA FARINE SPECIALI', 'PASTA GRANO ARSO', b'1', -1, 20, 3),
	(24385, 6216, 'GRANI ANTICHI', 'PASTA SENATORE CAPPELLI', b'1', -1, 28, 6),
	(24389, 6217, 'LASAGNE', 'LASAGNE AL RAGU', b'0', 7, -1, -1),
	(24390, 6217, 'GRANI ANTICHI', 'PASTA SENATORE CAPPELLI', b'1', -1, 28, 6),
	(24391, 6217, 'PASTA FARINE SPECIALI', 'PASTA BARBABIETOLA', b'1', -1, 3, 7),
	(24394, 6218, 'PASTA FARINE SPECIALI', 'PASTA MORINGA', b'1', -1, 23, 3),
	(24398, 6218, 'PASTA FARINE SPECIALI', 'FARINA DI CASTAGNE', b'1', -1, 11, 10),
	(24399, 6219, 'PASTA FARINE SPECIALI', 'PASTA MORINGA', b'1', -1, 23, 3),
	(24400, 6219, 'AGNOLOTTI', 'AGNOLOTTI RICOTTA PECORA, BORRAGINE, ERBETTE', b'1', -1, 9, 12),
	(24404, 6220, 'PASTA FARINE SPECIALI', 'FARINA DI CASTAGNE', b'1', -1, 11, 10),
	(24407, 6221, 'PASTA FARINE SPECIALI', 'PASTA BARBABIETOLA', b'1', -1, 3, 7),
	(24409, 6221, 'GRANI ANTICHI', 'PASTA SENATORE CAPPELLI', b'1', -1, 28, 6),
	(24412, 6222, 'GRANI ANTICHI', 'PASTA SENATORE CAPPELLI', b'1', -1, 28, 6),
	(24414, 6222, 'PASTA LEGUMI', 'PASTA FAGIOLI', b'1', -1, 16, 11),
	(24415, 6223, 'PASTA LEGUMI', 'PASTA LENTICCHIE', b'1', -1, 21, 9),
	(24416, 6223, 'AGNOLOTTI', 'AGNOLOTTI RICOTTA PECORA, BORRAGINE, ERBETTE', b'1', -1, 9, 12),
	(24419, 6223, 'GRANI ANTICHI', 'PASTA FARRO INTEGRALE', b'1', -1, 18, 7),
	(24421, 6224, 'PASTA FARINE SPECIALI', 'PASTA MORINGA', b'1', -1, 23, 3),
	(24423, 6225, 'AGNOLOTTI', 'AGNOLOTTI RICOTTA PECORA, BORRAGINE, ERBETTE', b'1', -1, 9, 12),
	(24427, 6226, 'GRANI ANTICHI', 'PASTA SENATORE CAPPELLI', b'1', -1, 28, 6),
	(24428, 6226, 'PASTA FARINE SPECIALI', 'PASTA MORINGA', b'1', -1, 23, 3),
	(24429, 6227, 'GRANI ANTICHI', 'PASTA FARRO INTEGRALE', b'1', -1, 18, 7),
	(24432, 6228, 'PASTA FARINE SPECIALI', 'FARINA DI CASTAGNE', b'1', -1, 11, 10),
	(24433, 6229, 'PASTA FARINE SPECIALI', 'FARINA DI CASTAGNE', b'1', -1, 11, 10),
	(24434, 6229, 'GRANI ANTICHI', 'PASTA SENATORE CAPPELLI', b'1', -1, 28, 6),
	(24437, 6230, 'AGNOLOTTI', 'AGNOLOTTI RICOTTA PECORA, BORRAGINE, ERBETTE', b'1', -1, 9, 12),
	(24439, 6231, 'PASTA LEGUMI', 'PASTA FAGIOLI', b'1', -1, 16, 11),
	(24441, 6232, 'AGNOLOTTI', 'AGNOLOTTI RICOTTA SPINACI', b'1', -1, 10, 12),
	(24442, 6233, 'PASTA LEGUMI', 'PASTA LENTICCHIE', b'1', -1, 21, 9),
	(24445, 6234, 'PASTA FARINE SPECIALI', 'FARINA DI CASTAGNE', b'1', -1, 11, 10),
	(24449, 6234, 'PASTA FARINE SPECIALI', 'PASTA BARBABIETOLA', b'1', -1, 3, 7),
	(24450, 6234, 'PASTA FARINE SPECIALI', 'PASTA MORINGA', b'1', -1, 23, 3),
	(24453, 6235, 'PASTA FARINE SPECIALI', 'PASTA GRANO ARSO', b'1', -1, 20, 3),
	(24454, 6236, 'PASTA LEGUMI', 'PASTA LENTICCHIE', b'1', -1, 21, 9),
	(24456, 6236, 'PASTA LEGUMI', 'PASTA LENTICCHIE', b'1', -1, 21, 9),
	(24457, 6236, 'PASTA LEGUMI', 'PASTA FAGIOLI', b'1', -1, 16, 11),
	(24461, 6237, 'LASAGNE', 'LASAGNA SALSICCIA PORRI', b'0', 3, -1, -1),
	(24463, 6238, 'PASTA FARINE SPECIALI', 'PASTA RISO NERONE', b'1', -1, 27, 8),
	(24465, 6238, 'PASTA FARINE SPECIALI', 'PASTA MORINGA', b'1', -1, 23, 3),
	(24466, 6238, 'PASTA FARINE SPECIALI', 'PASTA BARBABIETOLA', b'1', -1, 3, 7),
	(24470, 6239, 'PASTA FARINE SPECIALI', 'PASTA GRANO ARSO', b'1', -1, 20, 3),
	(24472, 6239, 'AGNOLOTTI', 'AGNOLOTTI RICOTTA SPINACI', b'1', -1, 10, 12),
	(24474, 6240, 'PASTA FARINE SPECIALI', 'PASTA MORINGA', b'1', -1, 23, 3),
	(24477, 6240, 'PASTA FARINE SPECIALI', 'PASTA GRANO ARSO', b'1', -1, 20, 3),
	(24479, 6241, 'GRANI ANTICHI', 'PASTA SENATORE CAPPELLI', b'1', -1, 28, 6),
	(24485, 6242, 'PASTA FARINE SPECIALI', 'FARINA DI CASTAGNE', b'1', -1, 11, 10),
	(24486, 6242, 'PASTA FARINE SPECIALI', 'PASTA BARBABIETOLA', b'1', -1, 3, 7),
	(24489, 6243, 'AGNOLOTTI', 'AGNOLOTTI RICOTTA SPINACI', b'1', -1, 10, 12),
	(24490, 6243, 'PASTA FARINE SPECIALI', 'PASTA GRANO ARSO', b'1', -1, 20, 3),
	(24492, 6244, 'PASTA LEGUMI', 'PASTA FAGIOLI', b'1', -1, 16, 11),
	(24495, 6245, 'GRANI ANTICHI', 'PASTA FARRO INTEGRALE', b'1', -1, 18, 7),
	(24499, 6246, 'GRANI ANTICHI', 'PASTA FARRO INTEGRALE', b'1', -1, 18, 7),
	(24501, 6247, 'PASTA FARINE SPECIALI', 'PASTA GRANO ARSO', b'1', -1, 20, 3),
	(24504, 6247, 'GRANI ANTICHI', 'PASTA SENATORE CAPPELLI', b'1', -1, 28, 6),
	(24506, 6248, 'AGNOLOTTI', 'AGNOLOTTI RICOTTA SPINACI', b'1', -1, 10, 12),
	(24509, 6250, 'PASTA LEGUMI', 'PASTA LENTICCHIE', b'1', -1, 21, 9),
	(24512, 6251, 'GRANI ANTICHI', 'PASTA SENATORE CAPPELLI', b'1', -1, 28, 6),
	(24514, 6251, 'PASTA FARINE SPECIALI', 'FARINA DI CASTAGNE', b'1', -1, 11, 10),
	(24515, 6251, 'GRANI ANTICHI', 'PASTA SENATORE CAPPELLI', b'1', -1, 28, 6),
	(24516, 6251, 'LASAGNE', 'LASAGNA SALSICCIA PORRI', b'0', 3, -1, -1),
	(24517, 6251, 'PASTA FARINE SPECIALI', 'PASTA BARBABIETOLA', b'1', -1, 3, 7),
	(24519, 6252, 'GRANI ANTICHI', 'PASTA SENATORE CAPPELLI', b'1', -1, 28, 6),
	(24520, 6253, 'PASTA LEGUMI', 'PASTA LENTICCHIE', b'1', -1, 21, 9),
	(24523, 6253, 'GRANI ANTICHI', 'PASTA FARRO INTEGRALE', b'1', -1, 18, 7),
	(24524, 6253, 'PASTA FARINE SPECIALI', 'PASTA BARBABIETOLA', b'1', -1, 3, 7),
	(24526, 6254, 'PASTA FARINE SPECIALI', 'PASTA BARBABIETOLA', b'1', -1, 3, 7),
	(24527, 6254, 'PASTA FARINE SPECIALI', 'PASTA GRANO ARSO', b'1', -1, 20, 3),
	(24532, 6255, 'PASTA FARINE SPECIALI', 'FARINA DI CASTAGNE', b'1', -1, 11, 10),
	(24533, 6256, 'LASAGNE', 'LASAGNA SALSICCIA PORRI', b'0', 3, -1, -1),
	(24539, 6257, 'PASTA FARINE SPECIALI', 'PASTA BARBABIETOLA', b'1', -1, 3, 7),
	(24540, 6257, 'PASTA FARINE SPECIALI', 'PASTA BARBABIETOLA', b'1', -1, 3, 7),
	(24543, 6258, 'PASTA FARINE SPECIALI', 'PASTA GRANO ARSO', b'1', -1, 20, 3),
	(24544, 6258, 'PASTA FARINE SPECIALI', 'PASTA MORINGA', b'1', -1, 23, 3),
	(24546, 6259, 'LASAGNE', 'LASAGNA SALSICCIA PORRI', b'0', 3, -1, -1),
	(24549, 6259, 'GRANI ANTICHI', 'PASTA SENATORE CAPPELLI', b'1', -1, 28, 6),
	(24550, 6259, 'GRANI ANTICHI', 'PASTA SENATORE CAPPELLI', b'1', -1, 28, 6),
	(24552, 6260, 'PASTA FARINE SPECIALI', 'PASTA BARBABIETOLA', b'1', -1, 3, 7),
	(24556, 6260, 'PASTA FARINE SPECIALI', 'PASTA GRANO ARSO', b'1', -1, 20, 3),
	(24557, 6261, 'PASTA FARINE SPECIALI', 'PASTA BARBABIETOLA', b'1', -1, 3, 7),
	(24558, 6261, 'GRANI ANTICHI', 'PASTA SENATORE CAPPELLI', b'1', -1, 28, 6),
	(24560, 6261, 'PASTA FARINE SPECIALI', 'PASTA MORINGA', b'1', -1, 23, 3),
	(24564, 6262, 'GRANI ANTICHI', 'PASTA SENATORE CAPPELLI', b'1', -1, 28, 6),
	(24565, 6262, 'PASTA LEGUMI', 'PASTA FAGIOLI', b'1', -1, 16, 11),
	(24567, 6262, 'PASTA LEGUMI', 'PASTA PISELLI', b'1', -1, 25, 3),
	(24569, 6262, 'GRANI ANTICHI', 'PASTA FARRO INTEGRALE', b'1', -1, 18, 7),
	(24571, 6262, 'PASTA FARINE SPECIALI', 'FARINA DI CASTAGNE', b'1', -1, 11, 10),
	(24575, 6263, 'PASTA FARINE SPECIALI', 'PASTA BARBABIETOLA', b'1', -1, 3, 7),
	(24581, 6264, 'PASTA FARINE SPECIALI', 'PASTA MORINGA', b'1', -1, 23, 3),
	(24583, 6264, 'GRANI ANTICHI', 'PASTA SENATORE CAPPELLI', b'1', -1, 28, 6),
	(24586, 6265, 'PASTA FARINE SPECIALI', 'FARINA DI CASTAGNE', b'1', -1, 11, 10),
	(24587, 6265, 'PASTA FARINE SPECIALI', 'FARINA DI CASTAGNE', b'1', -1, 11, 10),
	(24589, 6266, 'PASTA LEGUMI', 'PASTA FAGIOLI', b'1', -1, 16, 11),
	(24591, 6267, 'PASTA FARINE SPECIALI', 'FARINA DI CASTAGNE', b'1', -1, 11, 10),
	(24596, 6269, 'GRANI ANTICHI', 'PASTA SENATORE CAPPELLI', b'1', -1, 28, 6),
	(24597, 6269, 'PASTA LEGUMI', 'PASTA PISELLI', b'1', -1, 25, 3),
	(24600, 6270, 'PASTA FARINE SPECIALI', 'PASTA GRANO ARSO', b'1', -1, 20, 3),
	(24601, 6271, 'GRANI ANTICHI', 'PASTA FARRO INTEGRALE', b'1', -1, 18, 7),
	(24603, 6272, 'AGNOLOTTI', 'AGNOLOTTI AMATRICIANO', b'1', -1, 5, 12),
	(24606, 6273, 'GRANI ANTICHI', 'PASTA FARRO INTEGRALE', b'1', -1, 18, 7),
	(24607, 6274, 'GRANI ANTICHI', 'PASTA FARRO INTEGRALE', b'1', -1, 18, 7),
	(24608, 6275, 'PASTA FARINE SPECIALI', 'PASTA BARBABIETOLA', b'1', -1, 3, 7),
	(24609, 6275, 'PASTA FARINE SPECIALI', 'PASTA RISO NERONE', b'1', -1, 27, 8),
	(24610, 6275, 'GRANI ANTICHI', 'PASTA SENATORE CAPPELLI', b'1', -1, 28, 6),
	(24611, 6275, 'AGNOLOTTI', 'AGNOLOTTI AMATRICIANO', b'1', -1, 5, 12),
	(24614, 6275, 'AGNOLOTTI', 'AGNOLOTTI AMATRICIANO', b'1', -1, 5, 12),
	(24616, 6276, 'LASAGNE', 'LASAGNE AL RAGU', b'0', 7, -1, -1),
	(24617, 6277, 'AGNOLOTTI', 'AGNOLOTTI AMATRICIANO', b'1', -1, 5, 12),
	(24619, 6278, 'PASTA FARINE SPECIALI', 'PASTA GRANO ARSO', b'1', -1, 20, 3),
	(24621, 6279, 'PASTA LEGUMI', 'PASTA PISELLI', b'1', -1, 25, 3),
	(24624, 6280, 'PASTA FARINE SPECIALI', 'PASTA RISO NERONE', b'1', -1, 27, 8),
	(24625, 6280, 'AGNOLOTTI', 'AGNOLOTTI AMATRICIANO', b'1', -1, 5, 12),
	(24629, 6281, 'AGNOLOTTI', 'AGNOLOTTI AMATRICIANO', b'1', -1, 5, 12),
	(24633, 6282, 'PASTA FARINE SPECIALI', 'PASTA RISO NERONE', b'1', -1, 27, 8),
	(24634, 6282, 'GRANI ANTICHI', 'PASTA SENATORE CAPPELLI', b'1', -1, 28, 6),
	(24635, 6283, 'PASTA FARINE SPECIALI', 'PASTA GRANO ARSO', b'1', -1, 20, 3),
	(24640, 6284, 'PASTA FARINE SPECIALI', 'PASTA RISO NERONE', b'1', -1, 27, 8),
	(24642, 6284, 'PASTA FARINE SPECIALI', 'PASTA RISO NERONE', b'1', -1, 27, 8),
	(24645, 6285, 'PASTA FARINE SPECIALI', 'PASTA RISO NERONE', b'1', -1, 27, 8),
	(24648, 6286, 'PASTA FARINE SPECIALI', 'FARINA DI CASTAGNE', b'1', -1, 11, 10),
	(24649, 6286, 'PASTA FARINE SPECIALI', 'PASTA GRANO ARSO', b'1', -1, 20, 3),
	(24653, 6287, 'GRANI ANTICHI', 'PASTA FARRO INTEGRALE', b'1', -1, 18, 7),
	(24656, 6288, 'GRANI ANTICHI', 'PASTA SENATORE CAPPELLI', b'1', -1, 28, 6),
	(24659, 6289, 'PASTA FARINE SPECIALI', 'PASTA RISO NERONE', b'1', -1, 27, 8),
	(24660, 6289, 'PASTA FARINE SPECIALI', 'PASTA GRANO ARSO', b'1', -1, 20, 3),
	(24662, 6290, 'GRANI ANTICHI', 'PASTA SENATORE CAPPELLI', b'1', -1, 28, 6),
	(24663, 6290, 'PASTA FARINE SPECIALI', 'PASTA GRANO ARSO', b'1', -1, 20, 3),
	(24665, 6291, 'PASTA FARINE SPECIALI', 'PASTA RISO NERONE', b'1', -1, 27, 8),
	(24669, 6291, 'PASTA FARINE SPECIALI', 'PASTA GRANO ARSO', b'1', -1, 20, 3),
	(24670, 6292, 'PASTA FARINE SPECIALI', 'PASTA RISO NERONE', b'1', -1, 27, 8),
	(24673, 6292, 'LASAGNE', 'LASAGNA SCAROLA e BUFALA', b'0', 4, -1, -1),
	(24676, 6293, 'PASTA FARINE SPECIALI', 'PASTA RISO NERONE', b'1', -1, 27, 8),
	(24677, 6293, 'GRANI ANTICHI', 'PASTA SENATORE CAPPELLI', b'1', -1, 28, 6),
	(24679, 6294, 'GRANI ANTICHI', 'PASTA FARRO INTEGRALE', b'1', -1, 18, 7),
	(24680, 6294, 'GRANI ANTICHI', 'PASTA SENATORE CAPPELLI', b'1', -1, 28, 6),
	(24684, 6294, 'PASTA FARINE SPECIALI', 'PASTA RISO NERONE', b'1', -1, 27, 8),
	(24686, 6294, 'PASTA FARINE SPECIALI', 'PASTA GRANO ARSO', b'1', -1, 20, 3),
	(24688, 6294, 'GRANI ANTICHI', 'PASTA SENATORE CAPPELLI', b'1', -1, 28, 6),
	(24690, 6295, 'PASTA FARINE SPECIALI', 'PASTA RISO NERONE', b'1', -1, 27, 8),
	(24692, 6295, 'PASTA LEGUMI', 'PASTA PISELLI', b'1', -1, 25, 3),
	(24693, 6295, 'PASTA FARINE SPECIALI', 'PASTA GRANO ARSO', b'1', -1, 20, 3),
	(24696, 6296, 'PASTA FARINE SPECIALI', 'PASTA MORINGA', b'1', -1, 23, 3),
	(24699, 6296, 'PASTA FARINE SPECIALI', 'PASTA GRANO ARSO', b'1', -1, 20, 3),
	(24702, 6297, 'PASTA LEGUMI', 'PASTA PISELLI', b'1', -1, 25, 3),
	(24704, 6297, 'PASTA FARINE SPECIALI', 'PASTA BARBABIETOLA', b'1', -1, 3, 7),
	(24707, 6298, 'PASTA FARINE SPECIALI', 'PASTA BARBABIETOLA', b'1', -1, 3, 7),
	(24708, 6298, 'GRANI ANTICHI', 'PASTA SENATORE CAPPELLI', b'1', -1, 28, 6),
	(24712, 6298, 'PASTA FARINE SPECIALI', 'PASTA GRANO ARSO', b'1', -1, 20, 3),
	(24714, 6299, 'PASTA FARINE SPECIALI', 'PASTA BARBABIETOLA', b'1', -1, 3, 7),
	(24715, 6299, 'PASTA FARINE SPECIALI', 'FARINA DI CASTAGNE', b'1', -1, 11, 10),
	(24717, 6299, 'PASTA LEGUMI', 'PASTA PISELLI', b'1', -1, 25, 3),
	(24719, 6299, 'AGNOLOTTI', 'AGNOLOTTI AMATRICIANO', b'1', -1, 5, 12),
	(24722, 6300, 'PASTA FARINE SPECIALI', 'PASTA RISO NERONE', b'1', -1, 27, 8),
	(24723, 6300, 'GRANI ANTICHI', 'PASTA FARRO INTEGRALE', b'1', -1, 18, 7),
	(24729, 6301, 'PASTA LEGUMI', 'PASTA PISELLI', b'1', -1, 25, 3),
	(24730, 6301, 'PASTA FARINE SPECIALI', 'FARINA DI CASTAGNE', b'1', -1, 11, 10),
	(24731, 6301, 'GRANI ANTICHI', 'PASTA SENATORE CAPPELLI', b'1', -1, 28, 6),
	(24735, 6302, 'PASTA LEGUMI', 'PASTA PISELLI', b'1', -1, 25, 3),
	(24737, 6303, 'PASTA FARINE SPECIALI', 'PASTA RISO NERONE', b'1', -1, 27, 8),
	(24740, 6303, 'LASAGNE', 'LASAGNA FELICINA', b'0', 2, -1, -1),
	(24743, 6304, 'PASTA FARINE SPECIALI', 'FARINA DI CASTAGNE', b'1', -1, 11, 10),
	(24746, 6304, 'PASTA FARINE SPECIALI', 'PASTA RISO NERONE', b'1', -1, 27, 8),
	(24747, 6304, 'GRANI ANTICHI', 'PASTA FARRO INTEGRALE', b'1', -1, 18, 7),
	(24748, 6304, 'GRANI ANTICHI', 'PASTA SENATORE CAPPELLI', b'1', -1, 28, 6),
	(24749, 6304, 'GRANI ANTICHI', 'PASTA SENATORE CAPPELLI', b'1', -1, 28, 6),
	(24760, 6306, 'GRANI ANTICHI', 'PASTA SENATORE CAPPELLI', b'1', -1, 28, 6),
	(24767, 6308, 'LASAGNE', 'LASAGNA FELICINA', b'0', 2, -1, -1),
	(24768, 6308, 'PASTA FARINE SPECIALI', 'PASTA GRANO ARSO', b'1', -1, 20, 3),
	(24774, 6309, 'AGNOLOTTI', 'AGNOLOTTI CAPRINO LIMONE', b'1', -1, 1, 12),
	(24775, 6309, 'PASTA FARINE SPECIALI', 'PASTA GRANO ARSO', b'1', -1, 20, 3),
	(24776, 6310, 'PASTA FARINE SPECIALI', 'PASTA MORINGA', b'1', -1, 23, 3),
	(24777, 6310, 'LASAGNE', 'LASAGNA FELICINA', b'0', 2, -1, -1),
	(24779, 6310, 'PASTA FARINE SPECIALI', 'PASTA MORINGA', b'1', -1, 23, 3),
	(24780, 6310, 'PASTA LEGUMI', 'PASTA PISELLI', b'1', -1, 25, 3),
	(24782, 6311, 'GRANI ANTICHI', 'PASTA SENATORE CAPPELLI', b'1', -1, 28, 6),
	(24785, 6311, 'PASTA FARINE SPECIALI', 'FARINA DI CASTAGNE', b'1', -1, 11, 10),
	(24786, 6311, 'PASTA LEGUMI', 'PASTA FAGIOLI', b'1', -1, 16, 11),
	(24788, 6311, 'PASTA FARINE SPECIALI', 'PASTA RISO NERONE', b'1', -1, 27, 8),
	(24795, 6313, 'PASTA LEGUMI', 'PASTA FAGIOLI', b'1', -1, 16, 11),
	(24798, 6314, 'PASTA LEGUMI', 'PASTA FAGIOLI', b'1', -1, 16, 11),
	(24799, 6315, 'GRANI ANTICHI', 'PASTA SENATORE CAPPELLI', b'1', -1, 28, 6),
	(24800, 6315, 'GRANI ANTICHI', 'PASTA SENATORE CAPPELLI', b'1', -1, 28, 6),
	(24801, 6315, 'PASTA FARINE SPECIALI', 'FARINA DI CASTAGNE', b'1', -1, 11, 10),
	(24802, 6315, 'PASTA FARINE SPECIALI', 'FARINA DI CASTAGNE', b'1', -1, 11, 10),
	(24803, 6315, 'PASTA LEGUMI', 'PASTA PISELLI', b'1', -1, 25, 3),
	(24805, 6315, 'GRANI ANTICHI', 'PASTA SENATORE CAPPELLI', b'1', -1, 28, 6),
	(24809, 6316, 'GRANI ANTICHI', 'PASTA SENATORE CAPPELLI', b'1', -1, 28, 6),
	(24810, 6316, 'LASAGNE', 'LASAGNA SCAROLA e BUFALA', b'0', 4, -1, -1),
	(24811, 6317, 'PASTA FARINE SPECIALI', 'PASTA BARBABIETOLA', b'1', -1, 3, 7),
	(24813, 6317, 'LASAGNE', 'LASAGNA SCAROLA e BUFALA', b'0', 4, -1, -1),
	(24814, 6318, 'LASAGNE', 'LASAGNA SCAROLA e BUFALA', b'0', 4, -1, -1),
	(24816, 6318, 'AGNOLOTTI', 'AGNOLOTTI CAPRINO LIMONE', b'1', -1, 1, 12),
	(24817, 6319, 'GRANI ANTICHI', 'PASTA FARRO INTEGRALE', b'1', -1, 18, 7),
	(24819, 6319, 'PASTA FARINE SPECIALI', 'FARINA DI CASTAGNE', b'1', -1, 11, 10),
	(24821, 6320, 'PASTA LEGUMI', 'PASTA FAGIOLI', b'1', -1, 16, 11),
	(24822, 6320, 'GRANI ANTICHI', 'PASTA FARRO INTEGRALE', b'1', -1, 18, 7),
	(24823, 6320, 'GRANI ANTICHI', 'PASTA FARRO INTEGRALE', b'1', -1, 18, 7),
	(24825, 6320, 'PASTA FARINE SPECIALI', 'FARINA DI CASTAGNE', b'1', -1, 11, 10),
	(24826, 6321, 'AGNOLOTTI', 'AGNOLOTTI CAPRINO LIMONE', b'1', -1, 1, 12),
	(24827, 6321, 'PASTA FARINE SPECIALI', 'PASTA BARBABIETOLA', b'1', -1, 3, 7),
	(24832, 6321, 'GRANI ANTICHI', 'PASTA SENATORE CAPPELLI', b'1', -1, 28, 6),
	(24833, 6321, 'GRANI ANTICHI', 'PASTA SENATORE CAPPELLI', b'1', -1, 28, 6),
	(24834, 6322, 'GRANI ANTICHI', 'PASTA FARRO INTEGRALE', b'1', -1, 18, 7),
	(24835, 6322, 'PASTA FARINE SPECIALI', 'PASTA GRANO ARSO', b'1', -1, 20, 3),
	(24838, 6323, 'PASTA FARINE SPECIALI', 'PASTA BARBABIETOLA', b'1', -1, 3, 7),
	(24840, 6323, 'PASTA LEGUMI', 'PASTA FAGIOLI', b'1', -1, 16, 11),
	(24845, 6324, 'GRANI ANTICHI', 'PASTA SENATORE CAPPELLI', b'1', -1, 28, 6),
	(24846, 6325, 'GRANI ANTICHI', 'PASTA SENATORE CAPPELLI', b'1', -1, 28, 6),
	(24848, 6325, 'PASTA FARINE SPECIALI', 'FARINA DI CASTAGNE', b'1', -1, 11, 10),
	(24849, 6326, 'GRANI ANTICHI', 'PASTA SENATORE CAPPELLI', b'1', -1, 28, 6),
	(24850, 6326, 'GRANI ANTICHI', 'PASTA SENATORE CAPPELLI', b'1', -1, 28, 6),
	(24854, 6327, 'GRANI ANTICHI', 'PASTA SENATORE CAPPELLI', b'1', -1, 28, 6),
	(24859, 6328, 'PASTA FARINE SPECIALI', 'FARINA DI CASTAGNE', b'1', -1, 11, 10),
	(24863, 6329, 'PASTA FARINE SPECIALI', 'FARINA DI CASTAGNE', b'1', -1, 11, 10),
	(24864, 6329, 'PASTA LEGUMI', 'PASTA PISELLI', b'1', -1, 25, 3),
	(24866, 6330, 'PASTA FARINE SPECIALI', 'FARINA DI CASTAGNE', b'1', -1, 11, 10),
	(24868, 6331, 'PASTA FARINE SPECIALI', 'FARINA DI CASTAGNE', b'1', -1, 11, 10),
	(24869, 6331, 'GRANI ANTICHI', 'PASTA FARRO INTEGRALE', b'1', -1, 18, 7),
	(24870, 6331, 'PASTA FARINE SPECIALI', 'PASTA BARBABIETOLA', b'1', -1, 3, 7),
	(24874, 6332, 'LASAGNE', 'LASAGNE AL RAGU', b'0', 7, -1, -1),
	(24875, 6333, 'PASTA FARINE SPECIALI', 'PASTA BARBABIETOLA', b'1', -1, 3, 7),
	(24876, 6333, 'AGNOLOTTI', 'AGNOLOTTI CAPRINO LIMONE', b'1', -1, 1, 12),
	(24878, 6334, 'PASTA FARINE SPECIALI', 'PASTA MORINGA', b'1', -1, 23, 3),
	(24879, 6334, 'PASTA LEGUMI', 'PASTA FAGIOLI', b'1', -1, 16, 11),
	(24882, 6335, 'PASTA FARINE SPECIALI', 'PASTA SPIRULINA', b'1', -1, 29, 2),
	(24883, 6335, 'PASTA FARINE SPECIALI', 'PASTA SPIRULINA', b'1', -1, 29, 2),
	(24884, 6335, 'GRANI ANTICHI', 'PASTA FARRO INTEGRALE', b'1', -1, 18, 7),
	(24885, 6335, 'PASTA FARINE SPECIALI', 'PASTA SPIRULINA', b'1', -1, 29, 2),
	(24886, 6336, 'PASTA FARINE SPECIALI', 'PASTA RISO NERONE', b'1', -1, 27, 8),
	(24887, 6336, 'GRANI ANTICHI', 'PASTA FARRO INTEGRALE', b'1', -1, 18, 7),
	(24890, 6337, 'PASTA FARINE SPECIALI', 'PASTA GRANO ARSO', b'1', -1, 20, 3),
	(24892, 6337, 'PASTA FARINE SPECIALI', 'PASTA MORINGA', b'1', -1, 23, 3),
	(24895, 6338, 'PASTA FARINE SPECIALI', 'PASTA MORINGA', b'1', -1, 23, 3),
	(24899, 6339, 'PASTA FARINE SPECIALI', 'PASTA RISO NERONE', b'1', -1, 27, 8),
	(24903, 6340, 'PASTA FARINE SPECIALI', 'PASTA RISO NERONE', b'1', -1, 27, 8),
	(24907, 6342, 'GRANI ANTICHI', 'PASTA SENATORE CAPPELLI', b'1', -1, 28, 6),
	(24909, 6343, 'GRANI ANTICHI', 'PASTA SENATORE CAPPELLI', b'1', -1, 28, 6),
	(24911, 6344, 'GRANI ANTICHI', 'PASTA SENATORE CAPPELLI', b'1', -1, 28, 6),
	(24913, 6345, 'PASTA FARINE SPECIALI', 'PASTA RISO NERONE', b'1', -1, 27, 8),
	(24914, 6346, 'AGNOLOTTI', 'AGNOLOTTI CAPRINO LIMONE', b'1', -1, 1, 12),
	(24915, 6346, 'GRANI ANTICHI', 'PASTA FARRO INTEGRALE', b'1', -1, 18, 7),
	(24918, 6346, 'PASTA FARINE SPECIALI', 'PASTA SPIRULINA', b'1', -1, 29, 2),
	(24920, 6346, 'PASTA FARINE SPECIALI', 'FARINA DI CASTAGNE', b'1', -1, 11, 10),
	(24922, 6346, 'PASTA FARINE SPECIALI', 'PASTA SPIRULINA', b'1', -1, 29, 2),
	(24923, 6346, 'PASTA FARINE SPECIALI', 'PASTA SPIRULINA', b'1', -1, 29, 2),
	(24927, 6347, 'PASTA FARINE SPECIALI', 'PASTA SPIRULINA', b'1', -1, 29, 2),
	(24928, 6347, 'PASTA FARINE SPECIALI', 'PASTA BARBABIETOLA', b'1', -1, 3, 7),
	(24930, 6348, 'PASTA FARINE SPECIALI', 'PASTA SPIRULINA', b'1', -1, 29, 2),
	(24931, 6348, 'PASTA LEGUMI', 'PASTA PISELLI', b'1', -1, 25, 3),
	(24932, 6348, 'LASAGNE', 'LASAGNE AL RAGU', b'0', 7, -1, -1),
	(24933, 6349, 'AGNOLOTTI', 'AGNOLOTTI CAPRINO LIMONE', b'1', -1, 1, 12),
	(24934, 6349, 'GRANI ANTICHI', 'PASTA FARRO INTEGRALE', b'1', -1, 18, 7),
	(24937, 6350, 'LASAGNE', 'LASAGNE AL RAGU', b'0', 7, -1, -1),
	(24938, 6351, 'GRANI ANTICHI', 'PASTA FARRO INTEGRALE', b'1', -1, 18, 7),
	(24939, 6351, 'AGNOLOTTI', 'AGNOLOTTI CAPRINO LIMONE', b'1', -1, 1, 12),
	(24944, 6351, 'PASTA FARINE SPECIALI', 'FARINA DI CASTAGNE', b'1', -1, 11, 10),
	(24946, 6352, 'PASTA FARINE SPECIALI', 'PASTA GRANO ARSO', b'1', -1, 20, 3),
	(24948, 6353, 'GRANI ANTICHI', 'PASTA SENATORE CAPPELLI', b'1', -1, 28, 6),
	(24950, 6354, 'LASAGNE', 'LASAGNA VERDURA ', b'0', 5, -1, -1),
	(24952, 6355, 'GRANI ANTICHI', 'PASTA FARRO INTEGRALE', b'1', -1, 18, 7),
	(24954, 6355, 'PASTA FARINE SPECIALI', 'PASTA SPIRULINA', b'1', -1, 29, 2),
	(24958, 6356, 'PASTA FARINE SPECIALI', 'PASTA GRANO ARSO', b'1', -1, 20, 3),
	(24960, 6357, 'PASTA FARINE SPECIALI', 'PASTA GRANO ARSO', b'1', -1, 20, 3),
	(24962, 6357, 'PASTA FARINE SPECIALI', 'FARINA DI CASTAGNE', b'1', -1, 11, 10),
	(24965, 6357, 'PASTA FARINE SPECIALI', 'PASTA RISO NERONE', b'1', -1, 27, 8),
	(24966, 6358, 'GRANI ANTICHI', 'PASTA SENATORE CAPPELLI', b'1', -1, 28, 6),
	(24969, 6358, 'PASTA FARINE SPECIALI', 'PASTA BARBABIETOLA', b'1', -1, 3, 7),
	(24970, 6359, 'GRANI ANTICHI', 'PASTA FARRO INTEGRALE', b'1', -1, 18, 7),
	(24974, 6360, 'PASTA FARINE SPECIALI', 'PASTA RISO NERONE', b'1', -1, 27, 8),
	(24976, 6362, 'PASTA FARINE SPECIALI', 'PASTA SPIRULINA', b'1', -1, 29, 2),
	(24978, 6363, 'GRANI ANTICHI', 'PASTA SENATORE CAPPELLI', b'1', -1, 28, 6),
	(24981, 6364, 'GRANI ANTICHI', 'PASTA FARRO INTEGRALE', b'1', -1, 18, 7),
	(24982, 6364, 'AGNOLOTTI', 'AGNOLOTTI PATATE ZENZERO MENTA', b'1', -1, 8, 12),
	(24986, 6365, 'PASTA FARINE SPECIALI', 'PASTA BARBABIETOLA', b'1', -1, 3, 7),
	(24987, 6365, 'GRANI ANTICHI', 'PASTA FARRO INTEGRALE', b'1', -1, 18, 7),
	(24989, 6366, 'PASTA FARINE SPECIALI', 'FARINA DI CASTAGNE', b'1', -1, 11, 10),
	(24991, 6366, 'PASTA FARINE SPECIALI', 'PASTA BARBABIETOLA', b'1', -1, 3, 7),
	(24992, 6367, 'PASTA FARINE SPECIALI', 'FARINA DI CASTAGNE', b'1', -1, 11, 10),
	(24994, 6367, 'GRANI ANTICHI', 'PASTA SENATORE CAPPELLI', b'1', -1, 28, 6),
	(24997, 6367, 'PASTA FARINE SPECIALI', 'PASTA RISO NERONE', b'1', -1, 27, 8),
	(25000, 6368, 'GRANI ANTICHI', 'PASTA FARRO INTEGRALE', b'1', -1, 18, 7),
	(25031, 6285, 'PASTA FARINE SPECIALI', 'PASTA RISO NERONE', b'1', -1, 27, 8),
	(25032, 6285, 'PASTA FARINE SPECIALI', 'PASTA RISO NERONE', b'1', -1, 27, 8),
	(25033, 6285, 'PASTA LEGUMI', 'PASTA CECI', b'1', -1, 14, 10),
	(25034, 6286, 'GRANI ANTICHI', 'SEGALE INTEGRALE BIO', b'1', -1, 30, 11),
	(25035, 6286, 'PASTA FARINE SPECIALI', 'PASTA RISO NERONE', b'1', -1, 27, 8),
	(25036, 6286, 'GRANI ANTICHI', 'PASTA SENATORE CAPPELLI', b'1', -1, 28, 6),
	(25037, 6286, 'PASTA FARINE SPECIALI', 'PASTA MORINGA', b'1', -1, 23, 3),
	(25038, 6287, 'AGNOLOTTI', 'AGNOLOTTI AMATRICIANO', b'1', -1, 5, 12),
	(25039, 6287, 'GRANI ANTICHI', 'PASTA SENATORE CAPPELLI', b'1', -1, 28, 6),
	(25040, 6288, 'PASTA FARINE SPECIALI', 'PASTA BARBABIETOLA', b'1', -1, 3, 7),
	(25041, 6289, 'GRANI ANTICHI', 'PASTA SENATORE CAPPELLI', b'1', -1, 28, 6),
	(25042, 6289, 'LASAGNE', 'LASAGNA ZUCCHINE STRACCHINO', b'0', 6, -1, -1),
	(25043, 6290, 'PASTA FARINE SPECIALI', 'PASTA BARBABIETOLA', b'1', -1, 3, 7),
	(25044, 6291, 'GRANI ANTICHI', 'PASTA SENATORE CAPPELLI', b'1', -1, 28, 6),
	(25045, 6291, 'PASTA FARINE SPECIALI', 'PASTA BARBABIETOLA', b'1', -1, 3, 7),
	(25046, 6291, 'GRANI ANTICHI', 'PASTA SENATORE CAPPELLI', b'1', -1, 28, 6),
	(25047, 6293, 'PASTA FARINE SPECIALI', 'PASTA BARBABIETOLA', b'1', -1, 3, 7),
	(25048, 6294, 'PASTA FARINE SPECIALI', 'PASTA MORINGA', b'1', -1, 23, 3),
	(25049, 6294, 'PASTA FARINE SPECIALI', 'PASTA RISO NERONE', b'1', -1, 27, 8),
	(25050, 6294, 'LASAGNE', 'LASAGNE AL RAGU', b'0', 7, -1, -1),
	(25051, 6294, 'PASTA FARINE SPECIALI', 'PASTA MORINGA', b'1', -1, 23, 3),
	(25052, 6295, 'GRANI ANTICHI', 'PASTA SENATORE CAPPELLI', b'1', -1, 28, 6),
	(25053, 6295, 'PASTA FARINE SPECIALI', 'PASTA BARBABIETOLA', b'1', -1, 3, 7),
	(25054, 6296, 'GRANI ANTICHI', 'PASTA SENATORE CAPPELLI', b'1', -1, 28, 6),
	(25055, 6296, 'PASTA FARINE SPECIALI', 'PASTA RISO NERONE', b'1', -1, 27, 8),
	(25056, 6296, 'PASTA LEGUMI', 'PASTA CECI', b'1', -1, 14, 10),
	(25057, 6297, 'PASTA FARINE SPECIALI', 'FARINA DI CASTAGNE', b'1', -1, 11, 10),
	(25058, 6297, 'PASTA FARINE SPECIALI', 'PASTA RISO NERONE', b'1', -1, 27, 8),
	(25059, 6298, 'PASTA FARINE SPECIALI', 'PASTA QUINOA', b'1', -1, 26, 7),
	(25060, 6298, 'PASTA FARINE SPECIALI', 'PASTA RISO NERONE', b'1', -1, 27, 8),
	(25061, 6299, 'PASTA FARINE SPECIALI', 'PASTA BARBABIETOLA', b'1', -1, 3, 7),
	(25062, 6299, 'PASTA FARINE SPECIALI', 'PASTA RISO NERONE', b'1', -1, 27, 8),
	(25063, 6299, 'PASTA FARINE SPECIALI', 'PASTA RISO NERONE', b'1', -1, 27, 8),
	(25064, 6299, 'PASTA FARINE SPECIALI', 'FARINA DI CASTAGNE', b'1', -1, 11, 10),
	(25065, 6299, 'PASTA FARINE SPECIALI', 'PASTA QUINOA', b'1', -1, 26, 7),
	(25066, 6299, 'AGNOLOTTI', 'AGNOLOTTI MANTOVANI', b'1', -1, 7, 12),
	(25067, 6300, 'PASTA FARINE SPECIALI', 'PASTA MORINGA', b'1', -1, 23, 3),
	(25068, 6300, 'AGNOLOTTI', 'AGNOLOTTI RICOTTA PECORA, BORRAGINE, ERBETTE', b'1', -1, 9, 12),
	(25069, 6300, 'PASTA LEGUMI', 'PASTA FAGIOLI', b'1', -1, 16, 11),
	(25070, 6301, 'PASTA FARINE SPECIALI', 'FARINA DI CASTAGNE', b'1', -1, 11, 10),
	(25071, 6301, 'GRANI ANTICHI', 'PASTA SENATORE CAPPELLI', b'1', -1, 28, 6),
	(25072, 6304, 'PASTA LEGUMI', 'PASTA CECI', b'1', -1, 14, 10),
	(25073, 6305, 'GRANI ANTICHI', 'PASTA SENATORE CAPPELLI', b'1', -1, 28, 6),
	(25074, 6306, 'PASTA FARINE SPECIALI', 'PASTA MORINGA', b'1', -1, 23, 3),
	(25075, 6307, 'LASAGNE', 'LASAGNE AL RAGU', b'0', 7, -1, -1),
	(25076, 6307, 'GRANI ANTICHI', 'PASTA SENATORE CAPPELLI', b'1', -1, 28, 6),
	(25077, 6308, 'PASTA LEGUMI', 'PASTA CECI', b'1', -1, 14, 10),
	(25078, 6309, 'PASTA LEGUMI', 'PASTA CECI', b'1', -1, 14, 10),
	(25079, 6309, 'PASTA FARINE SPECIALI', 'PASTA MORINGA', b'1', -1, 23, 3),
	(25080, 6310, 'PASTA FARINE SPECIALI', 'PASTA RISO NERONE', b'1', -1, 27, 8),
	(25081, 6310, 'GRANI ANTICHI', 'PASTA SENATORE CAPPELLI', b'1', -1, 28, 6),
	(25082, 6310, 'PASTA FARINE SPECIALI', 'PASTA MORINGA', b'1', -1, 23, 3),
	(25083, 6311, 'PASTA LEGUMI', 'PASTA FAGIOLI', b'1', -1, 16, 11),
	(25084, 6311, 'GRANI ANTICHI', 'PASTA SENATORE CAPPELLI', b'1', -1, 28, 6),
	(25085, 6312, 'PASTA FARINE SPECIALI', 'PASTA RISO NERONE', b'1', -1, 27, 8),
	(25086, 6313, 'PASTA FARINE SPECIALI', 'PASTA BARBABIETOLA', b'1', -1, 3, 7),
	(25087, 6314, 'PASTA FARINE SPECIALI', 'PASTA MORINGA', b'1', -1, 23, 3),
	(25088, 6315, 'PASTA LEGUMI', 'PASTA CECI', b'1', -1, 14, 10),
	(25089, 6316, 'PASTA FARINE SPECIALI', 'PASTA RISO NERONE', b'1', -1, 27, 8),
	(25090, 6316, 'PASTA FARINE SPECIALI', 'FARINA DI CASTAGNE', b'1', -1, 11, 10),
	(25091, 6317, 'AGNOLOTTI', 'AGNOLOTTI AI TRE ARROSTI', b'1', -1, 4, 12),
	(25092, 6318, 'PASTA FARINE SPECIALI', 'PASTA QUINOA', b'1', -1, 26, 7),
	(25093, 6319, 'PASTA LEGUMI', 'PASTA CECI', b'1', -1, 14, 10),
	(25094, 6319, 'PASTA LEGUMI', 'PASTA CECI', b'1', -1, 14, 10),
	(25095, 6321, 'LASAGNE', 'LASAGNE AL RAGU', b'0', 7, -1, -1),
	(25096, 6321, 'LASAGNE', 'LASAGNE AL RAGU', b'0', 7, -1, -1),
	(25097, 6322, 'GRANI ANTICHI', 'PASTA FARRO INTEGRALE', b'1', -1, 18, 7),
	(25098, 6322, 'LASAGNE', 'LASAGNA ZUCCHINE STRACCHINO', b'0', 6, -1, -1),
	(25099, 6323, 'PASTA LEGUMI', 'PASTA FAGIOLI', b'1', -1, 16, 11),
	(25100, 6323, 'AGNOLOTTI', 'AGNOLOTTI AMATRICIANO', b'1', -1, 5, 12),
	(25101, 6324, 'AGNOLOTTI', 'AGNOLOTTI AMATRICIANO', b'1', -1, 5, 12),
	(25102, 6325, 'GRANI ANTICHI', 'SEGALE INTEGRALE BIO', b'1', -1, 30, 11),
	(25103, 6325, 'PASTA FARINE SPECIALI', 'PASTA BARBABIETOLA', b'1', -1, 3, 7),
	(25104, 6326, 'GRANI ANTICHI', 'PASTA SENATORE CAPPELLI', b'1', -1, 28, 6),
	(25105, 6327, 'GRANI ANTICHI', 'PASTA SENATORE CAPPELLI', b'1', -1, 28, 6),
	(25106, 6327, 'LASAGNE', 'LASAGNE AL RAGU', b'0', 7, -1, -1),
	(25107, 6327, 'PASTA FARINE SPECIALI', 'PASTA QUINOA', b'1', -1, 26, 7),
	(25108, 6327, 'PASTA FARINE SPECIALI', 'PASTA MORINGA', b'1', -1, 23, 3),
	(25109, 6328, 'PASTA FARINE SPECIALI', 'PASTA SPIRULINA', b'1', -1, 29, 2),
	(25110, 6329, 'PASTA FARINE SPECIALI', 'PASTA BARBABIETOLA', b'1', -1, 3, 7),
	(25111, 6330, 'GRANI ANTICHI', 'SEGALE INTEGRALE BIO', b'1', -1, 30, 11),
	(25112, 6330, 'GRANI ANTICHI', 'PASTA SENATORE CAPPELLI', b'1', -1, 28, 6),
	(25113, 6331, 'PASTA FARINE SPECIALI', 'PASTA QUINOA', b'1', -1, 26, 7),
	(25114, 6331, 'PASTA FARINE SPECIALI', 'PASTA SPIRULINA', b'1', -1, 29, 2),
	(25115, 6332, 'GRANI ANTICHI', 'SEGALE INTEGRALE BIO', b'1', -1, 30, 11),
	(25116, 6332, 'PASTA FARINE SPECIALI', 'PASTA BARBABIETOLA', b'1', -1, 3, 7),
	(25117, 6332, 'GRANI ANTICHI', 'PASTA SENATORE CAPPELLI', b'1', -1, 28, 6),
	(25119, 6335, 'LASAGNE', 'LASAGNA SCAROLA e BUFALA', b'0', 4, -1, -1),
	(25120, 6335, 'PASTA FARINE SPECIALI', 'FARINA DI CASTAGNE', b'1', -1, 11, 10),
	(25121, 6336, 'AGNOLOTTI', 'AGNOLOTTI RICOTTA SPINACI', b'1', -1, 10, 12),
	(25122, 6336, 'LASAGNE', 'LASAGNA SCAROLA e BUFALA', b'0', 4, -1, -1),
	(25123, 6336, 'GRANI ANTICHI', 'PASTA SENATORE CAPPELLI', b'1', -1, 28, 6),
	(25124, 6336, 'GRANI ANTICHI', 'PASTA SENATORE CAPPELLI', b'1', -1, 28, 6),
	(25125, 6336, 'PASTA LEGUMI', 'PASTA CECI', b'1', -1, 14, 10),
	(25126, 6337, 'GRANI ANTICHI', 'PASTA SENATORE CAPPELLI', b'1', -1, 28, 6),
	(25127, 6337, 'PASTA FARINE SPECIALI', 'PASTA QUINOA', b'1', -1, 26, 7),
	(25128, 6338, 'LASAGNE', 'LASAGNA SCAROLA e BUFALA', b'0', 4, -1, -1),
	(25129, 6338, 'GRANI ANTICHI', 'PASTA SENATORE CAPPELLI', b'1', -1, 28, 6),
	(25130, 6338, 'PASTA FARINE SPECIALI', 'FARINA DI CASTAGNE', b'1', -1, 11, 10),
	(25131, 6339, 'AGNOLOTTI', 'AGNOLOTTI RICOTTA SPINACI', b'1', -1, 10, 12),
	(25132, 6339, 'PASTA FARINE SPECIALI', 'PASTA QUINOA', b'1', -1, 26, 7),
	(25133, 6339, 'LASAGNE', 'LASAGNA SCAROLA e BUFALA', b'0', 4, -1, -1),
	(25134, 6340, 'PASTA FARINE SPECIALI', 'PASTA NERO SEPPIA', b'1', -1, 24, 1),
	(25135, 6340, 'PASTA LEGUMI', 'PASTA FAVE', b'1', -1, 19, 7),
	(25136, 6341, 'PASTA FARINE SPECIALI', 'PASTA SPIRULINA', b'1', -1, 29, 2),
	(25137, 6341, 'PASTA LEGUMI', 'PASTA FAVE', b'1', -1, 19, 7),
	(25138, 6342, 'PASTA LEGUMI', 'PASTA CECI', b'1', -1, 14, 10),
	(25139, 6343, 'GRANI ANTICHI', 'SEGALE INTEGRALE BIO', b'1', -1, 30, 11),
	(25140, 6344, 'PASTA FARINE SPECIALI', 'PASTA NERO SEPPIA', b'1', -1, 24, 1),
	(25141, 6344, 'PASTA FARINE SPECIALI', 'PASTA NERO SEPPIA', b'1', -1, 24, 1),
	(25142, 6345, 'PASTA FARINE SPECIALI', 'PASTA QUINOA', b'1', -1, 26, 7),
	(25143, 6346, 'PASTA FARINE SPECIALI', 'PASTA NERO SEPPIA', b'1', -1, 24, 1),
	(25144, 6348, 'GRANI ANTICHI', 'PASTA SENATORE CAPPELLI', b'1', -1, 28, 6),
	(25145, 6349, 'PASTA FARINE SPECIALI', 'FARINA DI CASTAGNE', b'1', -1, 11, 10),
	(25146, 6350, 'PASTA FARINE SPECIALI', 'PASTA SPIRULINA', b'1', -1, 29, 2),
	(25147, 6351, 'PASTA FARINE SPECIALI', 'FARINA DI CASTAGNE', b'1', -1, 11, 10),
	(25148, 6352, 'PASTA FARINE SPECIALI', 'PASTA SPIRULINA', b'1', -1, 29, 2),
	(25149, 6353, 'PASTA FARINE SPECIALI', 'PASTA SPIRULINA', b'1', -1, 29, 2),
	(25150, 6354, 'LASAGNE', 'LASAGNE AL RAGU', b'0', 7, -1, -1),
	(25151, 6354, 'PASTA FARINE SPECIALI', 'PASTA SPIRULINA', b'1', -1, 29, 2),
	(25152, 6355, 'GRANI ANTICHI', 'PASTA SENATORE CAPPELLI', b'1', -1, 28, 6),
	(25153, 6356, 'PASTA LEGUMI', 'PASTA FAVE', b'1', -1, 19, 7),
	(25154, 6357, 'GRANI ANTICHI', 'PASTA SENATORE CAPPELLI', b'1', -1, 28, 6),
	(25155, 6358, 'GRANI ANTICHI', 'PASTA SENATORE CAPPELLI', b'1', -1, 28, 6),
	(25156, 6359, 'PASTA FARINE SPECIALI', 'FARINA DI CASTAGNE', b'1', -1, 11, 10),
	(25157, 6360, 'GRANI ANTICHI', 'PASTA SENATORE CAPPELLI', b'1', -1, 28, 6),
	(25158, 6361, 'PASTA FARINE SPECIALI', 'FARINA DI CASTAGNE', b'1', -1, 11, 10),
	(25159, 6361, 'PASTA LEGUMI', 'PASTA CECI', b'1', -1, 14, 10),
	(25160, 6362, 'LASAGNE', 'LASAGNE AL RAGU', b'0', 7, -1, -1),
	(25161, 6363, 'LASAGNE', 'LASAGNE AL RAGU', b'0', 7, -1, -1),
	(25162, 6364, 'GRANI ANTICHI', 'PASTA SENATORE CAPPELLI', b'1', -1, 28, 6),
	(25163, 6366, 'LASAGNE', 'LASAGNE AL RAGU', b'0', 7, -1, -1),
	(25164, 6366, 'PASTA FARINE SPECIALI', 'PASTA BARBABIETOLA', b'1', -1, 3, 7),
	(25165, 6367, 'GRANI ANTICHI', 'SEGALE INTEGRALE BIO', b'1', -1, 30, 11),
	(25166, 6367, 'GRANI ANTICHI', 'PASTA SENATORE CAPPELLI', b'1', -1, 28, 6),
	(25167, 6368, 'AGNOLOTTI', 'AGNOLOTTI CAPRINO LIMONE', b'1', -1, 1, 12),
	(25168, 6368, 'PASTA FARINE SPECIALI', 'PASTA SPIRULINA', b'1', -1, 29, 2),
	(25169, 6369, 'PASTA FARINE SPECIALI', 'PASTA QUINOA', b'1', -1, 26, 7),
	(25170, 6369, 'GRANI ANTICHI', 'PASTA SENATORE CAPPELLI', b'1', -1, 28, 6),
	(25171, 6370, 'PASTA FARINE SPECIALI', 'PASTA BARBABIETOLA', b'1', -1, 3, 7),
	(25172, 6370, 'GRANI ANTICHI', 'PASTA SENATORE CAPPELLI', b'1', -1, 28, 6),
	(25173, 6371, 'PASTA FARINE SPECIALI', 'PASTA NERO SEPPIA', b'1', -1, 24, 1),
	(25174, 6371, 'PASTA FARINE SPECIALI', 'FARINA DI CASTAGNE', b'1', -1, 11, 10),
	(25175, 6372, 'PASTA FARINE SPECIALI', 'PASTA SPIRULINA', b'1', -1, 29, 2),
	(25176, 6372, 'AGNOLOTTI', 'AGNOLOTTI CAPRINO LIMONE', b'1', -1, 1, 12),
	(25177, 6373, 'AGNOLOTTI', 'AGNOLOTTI CAPRINO LIMONE', b'1', -1, 1, 12),
	(25178, 6374, 'PASTA FARINE SPECIALI', 'PASTA NERO SEPPIA', b'1', -1, 24, 1),
	(25179, 6374, 'PASTA FARINE SPECIALI', 'PASTA BARBABIETOLA', b'1', -1, 3, 7),
	(25180, 6374, 'PASTA FARINE SPECIALI', 'PASTA QUINOA', b'1', -1, 26, 7),
	(25181, 6375, 'AGNOLOTTI', 'AGNOLOTTI CAPRINO LIMONE', b'1', -1, 1, 12),
	(25182, 6376, 'LASAGNE', 'LASAGNE AL RAGU', b'0', 7, -1, -1),
	(25183, 6377, 'AGNOLOTTI', 'AGNOLOTTI CAPRINO LIMONE', b'1', -1, 1, 12),
	(25184, 6378, 'PASTA LEGUMI', 'PASTA FAVE', b'1', -1, 19, 7),
	(25185, 6379, 'AGNOLOTTI', 'AGNOLOTTI CAPRINO LIMONE', b'1', -1, 1, 12),
	(25186, 6380, 'PASTA LEGUMI', 'PASTA FAVE', b'1', -1, 19, 7),
	(25187, 6381, 'PASTA FARINE SPECIALI', 'PASTA BARBABIETOLA', b'1', -1, 3, 7),
	(25188, 6381, 'AGNOLOTTI', 'AGNOLOTTI AMATRICIANO', b'1', -1, 5, 12),
	(25189, 6382, 'PASTA FARINE SPECIALI', 'FARINA DI CASTAGNE', b'1', -1, 11, 10),
	(25190, 6383, 'GRANI ANTICHI', 'PASTA SENATORE CAPPELLI', b'1', -1, 28, 6),
	(25191, 6384, 'GRANI ANTICHI', 'PASTA SENATORE CAPPELLI', b'1', -1, 28, 6),
	(25192, 6384, 'PASTA LEGUMI', 'PASTA LENTICCHIE', b'1', -1, 21, 9),
	(25193, 6384, 'PASTA FARINE SPECIALI', 'FARINA DI CASTAGNE', b'1', -1, 11, 10),
	(25194, 6385, 'PASTA FARINE SPECIALI', 'PASTA SPIRULINA', b'1', -1, 29, 2),
	(25195, 6385, 'PASTA FARINE SPECIALI', 'PASTA BARBABIETOLA', b'1', -1, 3, 7),
	(25196, 6386, 'PASTA FARINE SPECIALI', 'FARINA DI CASTAGNE', b'1', -1, 11, 10),
	(25197, 6387, 'AGNOLOTTI', 'AGNOLOTTI AMATRICIANO', b'1', -1, 5, 12),
	(25198, 6388, 'PASTA FARINE SPECIALI', 'PASTA GRANO ARSO', b'1', -1, 20, 3),
	(25199, 6389, 'GRANI ANTICHI', 'SEGALE INTEGRALE BIO', b'1', -1, 30, 11),
	(25200, 6390, 'PASTA FARINE SPECIALI', 'FARINA DI CASTAGNE', b'1', -1, 11, 10),
	(25201, 6391, 'GRANI ANTICHI', 'PASTA SENATORE CAPPELLI', b'1', -1, 28, 6),
	(25202, 6392, 'PASTA FARINE SPECIALI', 'PASTA SPIRULINA', b'1', -1, 29, 2),
	(25203, 6392, 'PASTA FARINE SPECIALI', 'PASTA BARBABIETOLA', b'1', -1, 3, 7),
	(25204, 6392, 'GRANI ANTICHI', 'PASTA SENATORE CAPPELLI', b'1', -1, 28, 6),
	(25205, 6393, 'PASTA FARINE SPECIALI', 'FARINA DI CASTAGNE', b'1', -1, 11, 10),
	(25206, 6393, 'AGNOLOTTI', 'AGNOLOTTI AMATRICIANO', b'1', -1, 5, 12),
	(25207, 6394, 'GRANI ANTICHI', 'PASTA SENATORE CAPPELLI', b'1', -1, 28, 6),
	(25208, 6395, 'PASTA FARINE SPECIALI', 'PASTA NERO SEPPIA', b'1', -1, 24, 1),
	(25209, 6396, 'PASTA FARINE SPECIALI', 'PASTA SPIRULINA', b'1', -1, 29, 2),
	(25210, 6397, 'AGNOLOTTI', 'AGNOLOTTI AMATRICIANO', b'1', -1, 5, 12),
	(25211, 6398, 'AGNOLOTTI', 'AGNOLOTTI AMATRICIANO', b'1', -1, 5, 12),
	(25212, 6399, 'AGNOLOTTI', 'AGNOLOTTI RICOTTA PECORA, BORRAGINE, ERBETTE', b'1', -1, 9, 12),
	(25213, 6400, 'LASAGNE', 'LASAGNA VERDURA ', b'0', 5, -1, -1),
	(25214, 6401, 'PASTA FARINE SPECIALI', 'PASTA NERO SEPPIA', b'1', -1, 24, 1),
	(25215, 6401, 'LASAGNE', 'LASAGNA VERDURA ', b'0', 5, -1, -1),
	(25216, 6401, 'PASTA LEGUMI', 'PASTA FAVE', b'1', -1, 19, 7),
	(25217, 6401, 'AGNOLOTTI', 'AGNOLOTTI CARMAGNOLA', b'1', -1, 6, 12),
	(25218, 6402, 'PASTA FARINE SPECIALI', 'PASTA SPIRULINA', b'1', -1, 29, 2),
	(25219, 6402, 'GRANI ANTICHI', 'PASTA SENATORE CAPPELLI', b'1', -1, 28, 6),
	(25220, 6402, 'PASTA LEGUMI', 'PASTA LENTICCHIE', b'1', -1, 21, 9),
	(25221, 6403, 'PASTA LEGUMI', 'PASTA FAVE', b'1', -1, 19, 7),
	(25222, 6404, 'PASTA LEGUMI', 'PASTA FAVE', b'1', -1, 19, 7),
	(25223, 6404, 'LASAGNE', 'LASAGNA VERDURA ', b'0', 5, -1, -1),
	(25224, 6405, 'AGNOLOTTI', 'AGNOLOTTI RICOTTA PECORA, BORRAGINE, ERBETTE', b'1', -1, 9, 12),
	(25225, 6405, 'GRANI ANTICHI', 'PASTA SENATORE CAPPELLI', b'1', -1, 28, 6),
	(25226, 6405, 'GRANI ANTICHI', 'PASTA SENATORE CAPPELLI', b'1', -1, 28, 6),
	(25227, 6405, 'PASTA LEGUMI', 'PASTA FAVE', b'1', -1, 19, 7),
	(25228, 6406, 'PASTA FARINE SPECIALI', 'PASTA BARBABIETOLA', b'1', -1, 3, 7),
	(25229, 6407, 'GRANI ANTICHI', 'PASTA SENATORE CAPPELLI', b'1', -1, 28, 6),
	(25230, 6408, 'LASAGNE', 'LASAGNA VERDURA ', b'0', 5, -1, -1),
	(25231, 6409, 'AGNOLOTTI', 'AGNOLOTTI RICOTTA PECORA, BORRAGINE, ERBETTE', b'1', -1, 9, 12),
	(25232, 6410, 'PASTA FARINE SPECIALI', 'PASTA BARBABIETOLA', b'1', -1, 3, 7),
	(25233, 6411, 'PASTA LEGUMI', 'PASTA LENTICCHIE', b'1', -1, 21, 9),
	(25234, 6411, 'PASTA FARINE SPECIALI', 'FARINA DI CASTAGNE', b'1', -1, 11, 10),
	(25235, 6412, 'GRANI ANTICHI', 'PASTA SENATORE CAPPELLI', b'1', -1, 28, 6),
	(25236, 6412, 'GRANI ANTICHI', 'PASTA SENATORE CAPPELLI', b'1', -1, 28, 6),
	(25237, 6412, 'GRANI ANTICHI', 'SEGALE INTEGRALE BIO', b'1', -1, 30, 11),
	(25238, 6412, 'AGNOLOTTI', 'AGNOLOTTI RICOTTA PECORA, BORRAGINE, ERBETTE', b'1', -1, 9, 12),
	(25239, 6413, 'GRANI ANTICHI', 'PASTA FARRO INTEGRALE', b'1', -1, 18, 7),
	(25240, 6413, 'GRANI ANTICHI', 'PASTA SENATORE CAPPELLI', b'1', -1, 28, 6),
	(25241, 6414, 'PASTA LEGUMI', 'PASTA LENTICCHIE', b'1', -1, 21, 9),
	(25242, 6414, 'GRANI ANTICHI', 'PASTA SENATORE CAPPELLI', b'1', -1, 28, 6),
	(25243, 6416, 'PASTA FARINE SPECIALI', 'PASTA NERO SEPPIA', b'1', -1, 24, 1),
	(25244, 6419, 'PASTA LEGUMI', 'PASTA LENTICCHIE', b'1', -1, 21, 9),
	(25245, 6420, 'PASTA FARINE SPECIALI', 'FARINA DI CASTAGNE', b'1', -1, 11, 10),
	(25246, 6420, 'LASAGNE', 'LASAGNA SCAROLA e BUFALA', b'0', 4, -1, -1),
	(25247, 6421, 'PASTA FARINE SPECIALI', 'PASTA BARBABIETOLA', b'1', -1, 3, 7),
	(25248, 6422, 'GRANI ANTICHI', 'PASTA SENATORE CAPPELLI', b'1', -1, 28, 6),
	(25249, 6423, 'GRANI ANTICHI', 'PASTA FARRO INTEGRALE', b'1', -1, 18, 7),
	(25250, 6423, 'PASTA FARINE SPECIALI', 'PASTA GRANO ARSO', b'1', -1, 20, 3),
	(25251, 6424, 'PASTA FARINE SPECIALI', 'PASTA GRANO ARSO', b'1', -1, 20, 3),
	(25252, 6425, 'PASTA FARINE SPECIALI', 'PASTA GRANO ARSO', b'1', -1, 20, 3),
	(25253, 6425, 'PASTA FARINE SPECIALI', 'PASTA SPIRULINA', b'1', -1, 29, 2),
	(25254, 6426, 'PASTA FARINE SPECIALI', 'PASTA BARBABIETOLA', b'1', -1, 3, 7),
	(25255, 6427, 'PASTA FARINE SPECIALI', 'PASTA GRANO ARSO', b'1', -1, 20, 3),
	(25256, 6428, 'GRANI ANTICHI', 'PASTA FARRO INTEGRALE', b'1', -1, 18, 7),
	(25257, 6429, 'AGNOLOTTI', 'AGNOLOTTI PATATE MERLUZZO', b'1', -1, 2, 12),
	(25258, 6430, 'PASTA FARINE SPECIALI', 'PASTA SPIRULINA', b'1', -1, 29, 2),
	(25259, 6431, 'AGNOLOTTI', 'AGNOLOTTI PATATE MERLUZZO', b'1', -1, 2, 12),
	(25260, 6432, 'GRANI ANTICHI', 'PASTA FARRO INTEGRALE', b'1', -1, 18, 7),
	(25261, 6434, 'PASTA FARINE SPECIALI', 'FARINA DI CASTAGNE', b'1', -1, 11, 10),
	(25262, 6435, 'PASTA FARINE SPECIALI', 'FARINA DI CASTAGNE', b'1', -1, 11, 10),
	(25263, 6436, 'GRANI ANTICHI', 'PASTA SENATORE CAPPELLI', b'1', -1, 28, 6),
	(25264, 6437, 'PASTA FARINE SPECIALI', 'PASTA NERO SEPPIA', b'1', -1, 24, 1),
	(25265, 6438, 'PASTA FARINE SPECIALI', 'PASTA SPIRULINA', b'1', -1, 29, 2),
	(25266, 6439, 'GRANI ANTICHI', 'PASTA SENATORE CAPPELLI', b'1', -1, 28, 6),
	(25267, 6440, 'PASTA LEGUMI', 'PASTA LENTICCHIE', b'1', -1, 21, 9),
	(25268, 6440, 'PASTA FARINE SPECIALI', 'PASTA SPIRULINA', b'1', -1, 29, 2),
	(25269, 6441, 'PASTA FARINE SPECIALI', 'PASTA SPIRULINA', b'1', -1, 29, 2),
	(25270, 6441, 'LASAGNE', 'LASAGNA VERDURA ', b'0', 5, -1, -1),
	(25271, 6441, 'PASTA FARINE SPECIALI', 'FARINA DI CASTAGNE', b'1', -1, 11, 10),
	(25272, 6441, 'PASTA LEGUMI', 'PASTA LENTICCHIE', b'1', -1, 21, 9),
	(25273, 6442, 'GRANI ANTICHI', 'PASTA FARRO INTEGRALE', b'1', -1, 18, 7),
	(25274, 6443, 'PASTA FARINE SPECIALI', 'FARINA DI CASTAGNE', b'1', -1, 11, 10),
	(25275, 6443, 'GRANI ANTICHI', 'PASTA SENATORE CAPPELLI', b'1', -1, 28, 6),
	(25276, 6444, 'PASTA FARINE SPECIALI', 'PASTA SPIRULINA', b'1', -1, 29, 2),
	(25277, 6445, 'AGNOLOTTI', 'AGNOLOTTI PATATE MERLUZZO', b'1', -1, 2, 12),
	(25278, 6445, 'PASTA LEGUMI', 'PASTA LENTICCHIE', b'1', -1, 21, 9),
	(25279, 6446, 'GRANI ANTICHI', 'PASTA SENATORE CAPPELLI', b'1', -1, 28, 6),
	(25280, 6447, 'PASTA LEGUMI', 'PASTA LENTICCHIE', b'1', -1, 21, 9),
	(25281, 6447, 'AGNOLOTTI', 'AGNOLOTTI MANTOVANI', b'1', -1, 7, 12),
	(25282, 6448, 'GRANI ANTICHI', 'PASTA FARRO INTEGRALE', b'1', -1, 18, 7),
	(25283, 6448, 'PASTA FARINE SPECIALI', 'PASTA BARBABIETOLA', b'1', -1, 3, 7),
	(25284, 6449, 'AGNOLOTTI', 'AGNOLOTTI PATATE MERLUZZO', b'1', -1, 2, 12),
	(25285, 6449, 'GRANI ANTICHI', 'PASTA FARRO INTEGRALE', b'1', -1, 18, 7),
	(25286, 6450, 'PASTA FARINE SPECIALI', 'FARINA DI CASTAGNE', b'1', -1, 11, 10),
	(25287, 6450, 'PASTA FARINE SPECIALI', 'PASTA GRANO ARSO', b'1', -1, 20, 3),
	(25288, 6450, 'GRANI ANTICHI', 'PASTA SENATORE CAPPELLI', b'1', -1, 28, 6),
	(25289, 6450, 'PASTA LEGUMI', 'PASTA LENTICCHIE', b'1', -1, 21, 9),
	(25290, 6450, 'PASTA LEGUMI', 'PASTA LENTICCHIE', b'1', -1, 21, 9),
	(25291, 6451, 'AGNOLOTTI', 'AGNOLOTTI PATATE MERLUZZO', b'1', -1, 2, 12),
	(25292, 6451, 'PASTA FARINE SPECIALI', 'FARINA DI CASTAGNE', b'1', -1, 11, 10),
	(25293, 6452, 'PASTA FARINE SPECIALI', 'PASTA SPIRULINA', b'1', -1, 29, 2),
	(25294, 6452, 'PASTA FARINE SPECIALI', 'FARINA DI CASTAGNE', b'1', -1, 11, 10),
	(25295, 6453, 'PASTA FARINE SPECIALI', 'PASTA SPIRULINA', b'1', -1, 29, 2),
	(25296, 6453, 'GRANI ANTICHI', 'PASTA FARRO INTEGRALE', b'1', -1, 18, 7),
	(25297, 6454, 'LASAGNE', 'LASAGNA ZUCCHINE STRACCHINO', b'0', 6, -1, -1),
	(25298, 6454, 'PASTA FARINE SPECIALI', 'PASTA BARBABIETOLA', b'1', -1, 3, 7),
	(25299, 6455, 'GRANI ANTICHI', 'PASTA SENATORE CAPPELLI', b'1', -1, 28, 6),
	(25300, 6455, 'PASTA FARINE SPECIALI', 'PASTA SPIRULINA', b'1', -1, 29, 2),
	(25301, 6455, 'PASTA FARINE SPECIALI', 'PASTA BARBABIETOLA', b'1', -1, 3, 7),
	(25302, 6456, 'PASTA FARINE SPECIALI', 'PASTA GRANO ARSO', b'1', -1, 20, 3),
	(25303, 6456, 'PASTA LEGUMI', 'PASTA FAVE', b'1', -1, 19, 7),
	(25304, 6456, 'PASTA FARINE SPECIALI', 'PASTA BARBABIETOLA', b'1', -1, 3, 7),
	(25305, 6456, 'GRANI ANTICHI', 'PASTA FARRO INTEGRALE', b'1', -1, 18, 7),
	(25306, 6458, 'PASTA FARINE SPECIALI', 'PASTA BARBABIETOLA', b'1', -1, 3, 7),
	(25307, 6458, 'PASTA FARINE SPECIALI', 'FARINA DI CASTAGNE', b'1', -1, 11, 10),
	(25308, 6460, 'GRANI ANTICHI', 'PASTA FARRO INTEGRALE', b'1', -1, 18, 7),
	(25309, 6460, 'GRANI ANTICHI', 'PASTA SENATORE CAPPELLI', b'1', -1, 28, 6),
	(25310, 6460, 'PASTA FARINE SPECIALI', 'PASTA SPIRULINA', b'1', -1, 29, 2),
	(25311, 6460, 'PASTA FARINE SPECIALI', 'PASTA RISO NERONE', b'1', -1, 27, 8),
	(25312, 6460, 'GRANI ANTICHI', 'PASTA SENATORE CAPPELLI', b'1', -1, 28, 6),
	(25313, 6461, 'GRANI ANTICHI', 'PASTA FARRO INTEGRALE', b'1', -1, 18, 7),
	(25314, 6461, 'GRANI ANTICHI', 'PASTA SENATORE CAPPELLI', b'1', -1, 28, 6),
	(25315, 6462, 'PASTA FARINE SPECIALI', 'PASTA SPIRULINA', b'1', -1, 29, 2),
	(25316, 6462, 'GRANI ANTICHI', 'PASTA SENATORE CAPPELLI', b'1', -1, 28, 6),
	(25317, 6463, 'PASTA FARINE SPECIALI', 'PASTA SPIRULINA', b'1', -1, 29, 2),
	(25318, 6463, 'PASTA LEGUMI', 'PASTA FAVE', b'1', -1, 19, 7),
	(25319, 6463, 'GRANI ANTICHI', 'PASTA SENATORE CAPPELLI', b'1', -1, 28, 6),
	(25320, 6465, 'PASTA FARINE SPECIALI', 'PASTA BARBABIETOLA', b'1', -1, 3, 7),
	(25321, 6467, 'PASTA LEGUMI', 'PASTA FAVE', b'1', -1, 19, 7),
	(25322, 6468, 'GRANI ANTICHI', 'PASTA FARRO INTEGRALE', b'1', -1, 18, 7),
	(25323, 6471, 'PASTA LEGUMI', 'PASTA FAVE', b'1', -1, 19, 7),
	(25324, 6472, 'AGNOLOTTI', 'AGNOLOTTI PATATE MERLUZZO', b'1', -1, 2, 12),
	(25325, 6473, 'AGNOLOTTI', 'AGNOLOTTI CARMAGNOLA', b'1', -1, 6, 12),
	(25326, 6473, 'PASTA FARINE SPECIALI', 'PASTA BARBABIETOLA', b'1', -1, 3, 7),
	(25327, 6474, 'PASTA LEGUMI', 'PASTA LENTICCHIE', b'1', -1, 21, 9),
	(25328, 6475, 'GRANI ANTICHI', 'PASTA FARRO INTEGRALE', b'1', -1, 18, 7),
	(25329, 6475, 'PASTA LEGUMI', 'PASTA FAVE', b'1', -1, 19, 7),
	(25330, 6476, 'LASAGNE', 'LASAGNA ZUCCHINE STRACCHINO', b'0', 6, -1, -1),
	(25331, 6476, 'GRANI ANTICHI', 'PASTA SENATORE CAPPELLI', b'1', -1, 28, 6),
	(25332, 6476, 'GRANI ANTICHI', 'PASTA SENATORE CAPPELLI', b'1', -1, 28, 6),
	(25333, 6476, 'PASTA FARINE SPECIALI', 'PASTA RISO NERONE', b'1', -1, 27, 8),
	(25334, 6477, 'LASAGNE', 'LASAGNA VERDURA ', b'0', 5, -1, -1),
	(25335, 6477, 'AGNOLOTTI', 'AGNOLOTTI RICOTTA SPINACI', b'1', -1, 10, 12),
	(25336, 6478, 'GRANI ANTICHI', 'PASTA SENATORE CAPPELLI', b'1', -1, 28, 6),
	(25337, 6478, 'PASTA FARINE SPECIALI', 'PASTA RISO NERONE', b'1', -1, 27, 8),
	(25338, 6479, 'PASTA FARINE SPECIALI', 'PASTA RISO NERONE', b'1', -1, 27, 8),
	(25339, 6481, 'GRANI ANTICHI', 'PASTA FARRO INTEGRALE', b'1', -1, 18, 7),
	(25340, 6482, 'GRANI ANTICHI', 'PASTA FARRO INTEGRALE', b'1', -1, 18, 7),
	(25341, 6483, 'AGNOLOTTI', 'AGNOLOTTI PATATE MERLUZZO', b'1', -1, 2, 12),
	(25342, 6484, 'PASTA LEGUMI', 'PASTA FAVE', b'1', -1, 19, 7),
	(25343, 6484, 'AGNOLOTTI', 'AGNOLOTTI RICOTTA SPINACI', b'1', -1, 10, 12),
	(25344, 6485, 'GRANI ANTICHI', 'PASTA SENATORE CAPPELLI', b'1', -1, 28, 6),
	(25345, 6486, 'PASTA FARINE SPECIALI', 'PASTA SPIRULINA', b'1', -1, 29, 2),
	(25346, 6487, 'AGNOLOTTI', 'AGNOLOTTI RICOTTA SPINACI', b'1', -1, 10, 12),
	(25347, 6488, 'PASTA FARINE SPECIALI', 'PASTA SPIRULINA', b'1', -1, 29, 2),
	(25348, 6489, 'LASAGNE', 'LASAGNA ZUCCHINE STRACCHINO', b'0', 6, -1, -1),
	(25349, 6489, 'AGNOLOTTI', 'AGNOLOTTI RICOTTA SPINACI', b'1', -1, 10, 12),
	(25350, 6490, 'GRANI ANTICHI', 'PASTA FARRO INTEGRALE', b'1', -1, 18, 7),
	(25351, 6491, 'LASAGNE', 'LASAGNA ZUCCHINE STRACCHINO', b'0', 6, -1, -1),
	(25352, 6492, 'PASTA FARINE SPECIALI', 'PASTA SPIRULINA', b'1', -1, 29, 2),
	(25353, 6493, 'GRANI ANTICHI', 'PASTA SENATORE CAPPELLI', b'1', -1, 28, 6),
	(25354, 6493, 'PASTA FARINE SPECIALI', 'PASTA RISO NERONE', b'1', -1, 27, 8),
	(25355, 6493, 'PASTA FARINE SPECIALI', 'PASTA SPIRULINA', b'1', -1, 29, 2),
	(25356, 6493, 'PASTA FARINE SPECIALI', 'PASTA BARBABIETOLA', b'1', -1, 3, 7),
	(25357, 6494, 'PASTA LEGUMI', 'PASTA FAVE', b'1', -1, 19, 7),
	(25358, 6495, 'LASAGNE', 'LASAGNA VERDURA ', b'0', 5, -1, -1),
	(25359, 6498, 'AGNOLOTTI', 'AGNOLOTTI RICOTTA PECORA, BORRAGINE, ERBETTE', b'1', -1, 9, 12),
	(25360, 6498, 'PASTA LEGUMI', 'PASTA LENTICCHIE', b'1', -1, 21, 9),
	(25361, 6499, 'PASTA FARINE SPECIALI', 'PASTA SPIRULINA', b'1', -1, 29, 2),
	(25362, 6499, 'PASTA LEGUMI', 'PASTA FAVE', b'1', -1, 19, 7),
	(25363, 6500, 'PASTA FARINE SPECIALI', 'PASTA GRANO ARSO', b'1', -1, 20, 3),
	(25364, 6500, 'PASTA FARINE SPECIALI', 'PASTA SPIRULINA', b'1', -1, 29, 2),
	(25365, 6501, 'PASTA FARINE SPECIALI', 'PASTA RISO NERONE', b'1', -1, 27, 8),
	(25366, 6501, 'PASTA FARINE SPECIALI', 'PASTA SPIRULINA', b'1', -1, 29, 2),
	(25367, 6502, 'PASTA FARINE SPECIALI', 'PASTA SPIRULINA', b'1', -1, 29, 2),
	(25368, 6503, 'GRANI ANTICHI', 'PASTA FARRO INTEGRALE', b'1', -1, 18, 7),
	(25369, 6504, 'GRANI ANTICHI', 'PASTA SENATORE CAPPELLI', b'1', -1, 28, 6),
	(25370, 6505, 'PASTA LEGUMI', 'PASTA FAVE', b'1', -1, 19, 7),
	(25371, 6506, 'PASTA FARINE SPECIALI', 'FARINA DI CASTAGNE', b'1', -1, 11, 10),
	(25372, 6507, 'PASTA FARINE SPECIALI', 'PASTA MORINGA', b'1', -1, 23, 3),
	(25373, 6513, 'PASTA LEGUMI', 'PASTA LENTICCHIE', b'1', -1, 21, 9),
	(25374, 6514, 'PASTA FARINE SPECIALI', 'PASTA MORINGA', b'1', -1, 23, 3),
	(25375, 6515, 'PASTA FARINE SPECIALI', 'PASTA BARBABIETOLA', b'1', -1, 3, 7),
	(25376, 6515, 'PASTA FARINE SPECIALI', 'PASTA MORINGA', b'1', -1, 23, 3),
	(25377, 6516, 'PASTA FARINE SPECIALI', 'PASTA GRANO ARSO', b'1', -1, 20, 3),
	(25378, 6516, 'GRANI ANTICHI', 'PASTA SENATORE CAPPELLI', b'1', -1, 28, 6),
	(25379, 6517, 'LASAGNE', 'LASAGNE AL RAGU', b'0', 7, -1, -1),
	(25380, 6517, 'GRANI ANTICHI', 'PASTA SENATORE CAPPELLI', b'1', -1, 28, 6),
	(25381, 6517, 'PASTA FARINE SPECIALI', 'PASTA BARBABIETOLA', b'1', -1, 3, 7),
	(25382, 6518, 'PASTA FARINE SPECIALI', 'PASTA MORINGA', b'1', -1, 23, 3),
	(25383, 6518, 'PASTA FARINE SPECIALI', 'FARINA DI CASTAGNE', b'1', -1, 11, 10),
	(25384, 6519, 'PASTA FARINE SPECIALI', 'PASTA MORINGA', b'1', -1, 23, 3),
	(25385, 6519, 'AGNOLOTTI', 'AGNOLOTTI RICOTTA PECORA, BORRAGINE, ERBETTE', b'1', -1, 9, 12),
	(25386, 6520, 'PASTA FARINE SPECIALI', 'FARINA DI CASTAGNE', b'1', -1, 11, 10),
	(25387, 6521, 'PASTA FARINE SPECIALI', 'PASTA BARBABIETOLA', b'1', -1, 3, 7),
	(25388, 6521, 'GRANI ANTICHI', 'PASTA SENATORE CAPPELLI', b'1', -1, 28, 6),
	(25389, 6522, 'GRANI ANTICHI', 'PASTA SENATORE CAPPELLI', b'1', -1, 28, 6),
	(25390, 6522, 'PASTA LEGUMI', 'PASTA FAGIOLI', b'1', -1, 16, 11),
	(25391, 6523, 'PASTA LEGUMI', 'PASTA LENTICCHIE', b'1', -1, 21, 9),
	(25392, 6523, 'AGNOLOTTI', 'AGNOLOTTI RICOTTA PECORA, BORRAGINE, ERBETTE', b'1', -1, 9, 12),
	(25393, 6523, 'GRANI ANTICHI', 'PASTA FARRO INTEGRALE', b'1', -1, 18, 7),
	(25394, 6524, 'PASTA FARINE SPECIALI', 'PASTA MORINGA', b'1', -1, 23, 3),
	(25395, 6525, 'AGNOLOTTI', 'AGNOLOTTI RICOTTA PECORA, BORRAGINE, ERBETTE', b'1', -1, 9, 12),
	(25396, 6526, 'GRANI ANTICHI', 'PASTA SENATORE CAPPELLI', b'1', -1, 28, 6),
	(25397, 6526, 'PASTA FARINE SPECIALI', 'PASTA MORINGA', b'1', -1, 23, 3),
	(25398, 6527, 'GRANI ANTICHI', 'PASTA FARRO INTEGRALE', b'1', -1, 18, 7),
	(25399, 6528, 'PASTA FARINE SPECIALI', 'FARINA DI CASTAGNE', b'1', -1, 11, 10),
	(25400, 6529, 'PASTA FARINE SPECIALI', 'FARINA DI CASTAGNE', b'1', -1, 11, 10),
	(25401, 6529, 'GRANI ANTICHI', 'PASTA SENATORE CAPPELLI', b'1', -1, 28, 6),
	(25402, 6530, 'AGNOLOTTI', 'AGNOLOTTI RICOTTA PECORA, BORRAGINE, ERBETTE', b'1', -1, 9, 12),
	(25403, 6531, 'PASTA LEGUMI', 'PASTA FAGIOLI', b'1', -1, 16, 11),
	(25404, 6532, 'AGNOLOTTI', 'AGNOLOTTI RICOTTA SPINACI', b'1', -1, 10, 12),
	(25405, 6533, 'PASTA LEGUMI', 'PASTA LENTICCHIE', b'1', -1, 21, 9),
	(25406, 6534, 'PASTA FARINE SPECIALI', 'FARINA DI CASTAGNE', b'1', -1, 11, 10),
	(25407, 6534, 'PASTA FARINE SPECIALI', 'PASTA BARBABIETOLA', b'1', -1, 3, 7),
	(25408, 6534, 'PASTA FARINE SPECIALI', 'PASTA MORINGA', b'1', -1, 23, 3),
	(25409, 6535, 'PASTA FARINE SPECIALI', 'PASTA GRANO ARSO', b'1', -1, 20, 3),
	(25410, 6536, 'PASTA LEGUMI', 'PASTA LENTICCHIE', b'1', -1, 21, 9),
	(25411, 6536, 'PASTA LEGUMI', 'PASTA LENTICCHIE', b'1', -1, 21, 9),
	(25412, 6536, 'PASTA LEGUMI', 'PASTA FAGIOLI', b'1', -1, 16, 11),
	(25413, 6537, 'LASAGNE', 'LASAGNA SALSICCIA PORRI', b'0', 3, -1, -1),
	(25414, 6538, 'PASTA FARINE SPECIALI', 'PASTA RISO NERONE', b'1', -1, 27, 8),
	(25415, 6538, 'PASTA FARINE SPECIALI', 'PASTA MORINGA', b'1', -1, 23, 3),
	(25416, 6538, 'PASTA FARINE SPECIALI', 'PASTA BARBABIETOLA', b'1', -1, 3, 7),
	(25417, 6539, 'PASTA FARINE SPECIALI', 'PASTA GRANO ARSO', b'1', -1, 20, 3),
	(25418, 6539, 'AGNOLOTTI', 'AGNOLOTTI RICOTTA SPINACI', b'1', -1, 10, 12),
	(25419, 6540, 'PASTA FARINE SPECIALI', 'PASTA MORINGA', b'1', -1, 23, 3),
	(25420, 6540, 'PASTA FARINE SPECIALI', 'PASTA GRANO ARSO', b'1', -1, 20, 3),
	(25421, 6541, 'GRANI ANTICHI', 'PASTA SENATORE CAPPELLI', b'1', -1, 28, 6),
	(25422, 6542, 'PASTA FARINE SPECIALI', 'FARINA DI CASTAGNE', b'1', -1, 11, 10),
	(25423, 6542, 'PASTA FARINE SPECIALI', 'PASTA BARBABIETOLA', b'1', -1, 3, 7),
	(25424, 6543, 'AGNOLOTTI', 'AGNOLOTTI RICOTTA SPINACI', b'1', -1, 10, 12),
	(25425, 6543, 'PASTA FARINE SPECIALI', 'PASTA GRANO ARSO', b'1', -1, 20, 3),
	(25426, 6544, 'PASTA LEGUMI', 'PASTA FAGIOLI', b'1', -1, 16, 11),
	(25427, 6545, 'GRANI ANTICHI', 'PASTA FARRO INTEGRALE', b'1', -1, 18, 7),
	(25428, 6546, 'GRANI ANTICHI', 'PASTA FARRO INTEGRALE', b'1', -1, 18, 7),
	(25429, 6547, 'PASTA FARINE SPECIALI', 'PASTA GRANO ARSO', b'1', -1, 20, 3),
	(25430, 6547, 'GRANI ANTICHI', 'PASTA SENATORE CAPPELLI', b'1', -1, 28, 6),
	(25431, 6548, 'AGNOLOTTI', 'AGNOLOTTI RICOTTA SPINACI', b'1', -1, 10, 12),
	(25432, 6550, 'PASTA LEGUMI', 'PASTA LENTICCHIE', b'1', -1, 21, 9),
	(25433, 6551, 'GRANI ANTICHI', 'PASTA SENATORE CAPPELLI', b'1', -1, 28, 6),
	(25434, 6551, 'PASTA FARINE SPECIALI', 'FARINA DI CASTAGNE', b'1', -1, 11, 10),
	(25435, 6551, 'GRANI ANTICHI', 'PASTA SENATORE CAPPELLI', b'1', -1, 28, 6),
	(25436, 6551, 'LASAGNE', 'LASAGNA SALSICCIA PORRI', b'0', 3, -1, -1),
	(25437, 6551, 'PASTA FARINE SPECIALI', 'PASTA BARBABIETOLA', b'1', -1, 3, 7),
	(25438, 6552, 'GRANI ANTICHI', 'PASTA SENATORE CAPPELLI', b'1', -1, 28, 6),
	(25439, 6553, 'PASTA LEGUMI', 'PASTA LENTICCHIE', b'1', -1, 21, 9),
	(25440, 6553, 'GRANI ANTICHI', 'PASTA FARRO INTEGRALE', b'1', -1, 18, 7),
	(25441, 6553, 'PASTA FARINE SPECIALI', 'PASTA BARBABIETOLA', b'1', -1, 3, 7),
	(25442, 6554, 'PASTA FARINE SPECIALI', 'PASTA BARBABIETOLA', b'1', -1, 3, 7),
	(25443, 6554, 'PASTA FARINE SPECIALI', 'PASTA GRANO ARSO', b'1', -1, 20, 3),
	(25444, 6555, 'PASTA FARINE SPECIALI', 'FARINA DI CASTAGNE', b'1', -1, 11, 10),
	(25445, 6556, 'LASAGNE', 'LASAGNA SALSICCIA PORRI', b'0', 3, -1, -1),
	(25446, 6557, 'PASTA FARINE SPECIALI', 'PASTA BARBABIETOLA', b'1', -1, 3, 7),
	(25447, 6557, 'PASTA FARINE SPECIALI', 'PASTA BARBABIETOLA', b'1', -1, 3, 7),
	(25448, 6558, 'PASTA FARINE SPECIALI', 'PASTA GRANO ARSO', b'1', -1, 20, 3),
	(25449, 6558, 'PASTA FARINE SPECIALI', 'PASTA MORINGA', b'1', -1, 23, 3),
	(25450, 6559, 'LASAGNE', 'LASAGNA SALSICCIA PORRI', b'0', 3, -1, -1),
	(25451, 6559, 'GRANI ANTICHI', 'PASTA SENATORE CAPPELLI', b'1', -1, 28, 6),
	(25452, 6559, 'GRANI ANTICHI', 'PASTA SENATORE CAPPELLI', b'1', -1, 28, 6),
	(25453, 6560, 'PASTA FARINE SPECIALI', 'PASTA BARBABIETOLA', b'1', -1, 3, 7),
	(25454, 6560, 'PASTA FARINE SPECIALI', 'PASTA GRANO ARSO', b'1', -1, 20, 3),
	(25455, 6561, 'PASTA FARINE SPECIALI', 'PASTA BARBABIETOLA', b'1', -1, 3, 7),
	(25456, 6561, 'GRANI ANTICHI', 'PASTA SENATORE CAPPELLI', b'1', -1, 28, 6),
	(25457, 6561, 'PASTA FARINE SPECIALI', 'PASTA MORINGA', b'1', -1, 23, 3),
	(25458, 6562, 'GRANI ANTICHI', 'PASTA SENATORE CAPPELLI', b'1', -1, 28, 6),
	(25459, 6562, 'PASTA LEGUMI', 'PASTA FAGIOLI', b'1', -1, 16, 11),
	(25460, 6562, 'PASTA LEGUMI', 'PASTA PISELLI', b'1', -1, 25, 3),
	(25461, 6562, 'GRANI ANTICHI', 'PASTA FARRO INTEGRALE', b'1', -1, 18, 7),
	(25462, 6562, 'PASTA FARINE SPECIALI', 'FARINA DI CASTAGNE', b'1', -1, 11, 10),
	(25463, 6563, 'PASTA FARINE SPECIALI', 'PASTA BARBABIETOLA', b'1', -1, 3, 7),
	(25464, 6564, 'PASTA FARINE SPECIALI', 'PASTA MORINGA', b'1', -1, 23, 3),
	(25465, 6564, 'GRANI ANTICHI', 'PASTA SENATORE CAPPELLI', b'1', -1, 28, 6),
	(25466, 6565, 'PASTA FARINE SPECIALI', 'FARINA DI CASTAGNE', b'1', -1, 11, 10),
	(25467, 6565, 'PASTA FARINE SPECIALI', 'FARINA DI CASTAGNE', b'1', -1, 11, 10),
	(25468, 6566, 'PASTA LEGUMI', 'PASTA FAGIOLI', b'1', -1, 16, 11),
	(25469, 6567, 'PASTA FARINE SPECIALI', 'FARINA DI CASTAGNE', b'1', -1, 11, 10),
	(25470, 6569, 'GRANI ANTICHI', 'PASTA SENATORE CAPPELLI', b'1', -1, 28, 6),
	(25471, 6569, 'PASTA LEGUMI', 'PASTA PISELLI', b'1', -1, 25, 3),
	(25472, 6570, 'PASTA FARINE SPECIALI', 'PASTA GRANO ARSO', b'1', -1, 20, 3),
	(25473, 6571, 'GRANI ANTICHI', 'PASTA FARRO INTEGRALE', b'1', -1, 18, 7),
	(25474, 6572, 'AGNOLOTTI', 'AGNOLOTTI AMATRICIANO', b'1', -1, 5, 12),
	(25475, 6573, 'GRANI ANTICHI', 'PASTA FARRO INTEGRALE', b'1', -1, 18, 7),
	(25476, 6574, 'GRANI ANTICHI', 'PASTA FARRO INTEGRALE', b'1', -1, 18, 7),
	(25477, 6575, 'PASTA FARINE SPECIALI', 'PASTA BARBABIETOLA', b'1', -1, 3, 7),
	(25478, 6575, 'PASTA FARINE SPECIALI', 'PASTA RISO NERONE', b'1', -1, 27, 8),
	(25479, 6575, 'GRANI ANTICHI', 'PASTA SENATORE CAPPELLI', b'1', -1, 28, 6),
	(25480, 6575, 'AGNOLOTTI', 'AGNOLOTTI AMATRICIANO', b'1', -1, 5, 12),
	(25481, 6575, 'AGNOLOTTI', 'AGNOLOTTI AMATRICIANO', b'1', -1, 5, 12),
	(25482, 6576, 'LASAGNE', 'LASAGNE AL RAGU', b'0', 7, -1, -1),
	(25483, 6577, 'AGNOLOTTI', 'AGNOLOTTI AMATRICIANO', b'1', -1, 5, 12),
	(25484, 6578, 'PASTA FARINE SPECIALI', 'PASTA GRANO ARSO', b'1', -1, 20, 3),
	(25485, 6579, 'PASTA LEGUMI', 'PASTA PISELLI', b'1', -1, 25, 3),
	(25486, 6580, 'PASTA FARINE SPECIALI', 'PASTA RISO NERONE', b'1', -1, 27, 8),
	(25487, 6580, 'AGNOLOTTI', 'AGNOLOTTI AMATRICIANO', b'1', -1, 5, 12),
	(25488, 6581, 'AGNOLOTTI', 'AGNOLOTTI AMATRICIANO', b'1', -1, 5, 12),
	(25489, 6582, 'PASTA FARINE SPECIALI', 'PASTA RISO NERONE', b'1', -1, 27, 8),
	(25490, 6582, 'GRANI ANTICHI', 'PASTA SENATORE CAPPELLI', b'1', -1, 28, 6),
	(25491, 6583, 'PASTA FARINE SPECIALI', 'PASTA GRANO ARSO', b'1', -1, 20, 3),
	(25492, 6584, 'PASTA FARINE SPECIALI', 'PASTA RISO NERONE', b'1', -1, 27, 8),
	(25493, 6584, 'PASTA FARINE SPECIALI', 'PASTA RISO NERONE', b'1', -1, 27, 8),
	(25494, 6585, 'PASTA FARINE SPECIALI', 'PASTA RISO NERONE', b'1', -1, 27, 8);
/*!40000 ALTER TABLE `ordinazione` ENABLE KEYS */;

-- Dump della struttura di tabella pasto_improving.pasta
DROP TABLE IF EXISTS `pasta`;
CREATE TABLE IF NOT EXISTS `pasta` (
  `Id` int(10) unsigned NOT NULL AUTO_INCREMENT,
  `Nome` varchar(50) DEFAULT NULL,
  `CotturaMin` int(10) unsigned DEFAULT NULL,
  `Descrizione` varchar(50) DEFAULT NULL,
  `CotturaMax` int(11) DEFAULT NULL,
  PRIMARY KEY (`Id`)
) ENGINE=InnoDB AUTO_INCREMENT=31 DEFAULT CHARSET=latin1;

-- Dump dei dati della tabella pasto_improving.pasta: ~30 rows (circa)
DELETE FROM `pasta`;
/*!40000 ALTER TABLE `pasta` DISABLE KEYS */;
INSERT INTO `pasta` (`Id`, `Nome`, `CotturaMin`, `Descrizione`, `CotturaMax`) VALUES
	(1, 'AGNOLOTTI CAPRINO LIMONE', 70, '(NULL)', 120),
	(2, 'AGNOLOTTI PATATE MERLUZZO', 70, '(NULL)', 120),
	(3, 'PASTA BARBABIETOLA', 110, NULL, 180),
	(4, 'AGNOLOTTI AI TRE ARROSTI', 70, NULL, 120),
	(5, 'AGNOLOTTI AMATRICIANO', 70, NULL, 120),
	(6, 'AGNOLOTTI CARMAGNOLA', 70, NULL, 120),
	(7, 'AGNOLOTTI MANTOVANI', 70, NULL, 120),
	(8, 'AGNOLOTTI PATATE ZENZERO MENTA', 70, NULL, 120),
	(9, 'AGNOLOTTI RICOTTA PECORA, BORRAGINE, ERBETTE', 100, NULL, 160),
	(10, 'AGNOLOTTI RICOTTA SPINACI', 70, NULL, 120),
	(11, 'FARINA DI CASTAGNE', 70, NULL, 110),
	(12, 'PASTA AMARANTO', 100, NULL, 180),
	(13, 'AGNOLOTTI SPECK e PORRI', 70, NULL, 120),
	(14, 'PASTA CECI', 240, NULL, 300),
	(15, 'PASTA CICERCHIE', 240, NULL, 300),
	(16, 'PASTA FAGIOLI', 300, NULL, 300),
	(17, 'PASTA FARRO', 300, NULL, 300),
	(18, 'PASTA FARRO INTEGRALE', 70, NULL, 100),
	(19, 'PASTA FAVE', 240, NULL, 300),
	(20, 'PASTA GRANO ARSO', 70, NULL, 150),
	(21, 'PASTA LENTICCHIE', 300, NULL, 300),
	(22, 'PASTA LIQUIRIZIA', 80, NULL, 160),
	(23, 'PASTA MORINGA', 100, NULL, 240),
	(24, 'PASTA NERO SEPPIA', 100, NULL, 240),
	(25, 'PASTA PISELLI', 300, NULL, 300),
	(26, 'PASTA QUINOA', 100, NULL, 180),
	(27, 'PASTA RISO NERONE', 100, NULL, 180),
	(28, 'PASTA SENATORE CAPPELLI', 80, NULL, 160),
	(29, 'PASTA SPIRULINA', 100, NULL, 240),
	(30, 'SEGALE INTEGRALE BIO', 80, NULL, 110);
/*!40000 ALTER TABLE `pasta` ENABLE KEYS */;

-- Dump della struttura di tabella pasto_improving.piatto
DROP TABLE IF EXISTS `piatto`;
CREATE TABLE IF NOT EXISTS `piatto` (
  `id` int(11) NOT NULL AUTO_INCREMENT,
  `nome` varchar(50) NOT NULL DEFAULT '',
  `preparazione` int(11) NOT NULL DEFAULT 0,
  `descrizione` varchar(50) NOT NULL DEFAULT '0',
  PRIMARY KEY (`id`)
) ENGINE=InnoDB AUTO_INCREMENT=10 DEFAULT CHARSET=latin1;

-- Dump dei dati della tabella pasto_improving.piatto: ~9 rows (circa)
DELETE FROM `piatto`;
/*!40000 ALTER TABLE `piatto` DISABLE KEYS */;
INSERT INTO `piatto` (`id`, `nome`, `preparazione`, `descrizione`) VALUES
	(1, 'INSALATA DEL GIORNO', 0, '0'),
	(2, 'LASAGNA FELICINA', 0, '0'),
	(3, 'LASAGNA SALSICCIA PORRI', 0, '0'),
	(4, 'LASAGNA SCAROLA e BUFALA', 0, '0'),
	(5, 'LASAGNA VERDURA', 0, '0'),
	(6, 'LASAGNA ZUCCHINE STRACCHINO', 0, '0'),
	(7, 'LASAGNE AL RAGU', 0, '0'),
	(8, 'COUS COUS', 0, '0'),
	(9, 'GRANO SARACENO', 0, '0');
/*!40000 ALTER TABLE `piatto` ENABLE KEYS */;

-- Dump della struttura di tabella pasto_improving.tavolo
DROP TABLE IF EXISTS `tavolo`;
CREATE TABLE IF NOT EXISTS `tavolo` (
  `Z_PK` int(11) NOT NULL AUTO_INCREMENT,
  `daEliminare` text DEFAULT NULL,
  `importo` double(22,0) DEFAULT NULL,
  `arrivo` datetime NOT NULL DEFAULT current_timestamp(),
  `servizio` datetime NOT NULL DEFAULT current_timestamp(),
  `ordinazione` datetime NOT NULL,
  `scontrino` datetime NOT NULL,
  PRIMARY KEY (`Z_PK`),
  KEY `Z_PK` (`Z_PK`)
) ENGINE=InnoDB AUTO_INCREMENT=6612 DEFAULT CHARSET=latin1;

-- Dump dei dati della tabella pasto_improving.tavolo: ~758 rows (circa)
DELETE FROM `tavolo`;
/*!40000 ALTER TABLE `tavolo` DISABLE KEYS */;
INSERT INTO `tavolo` (`Z_PK`, `daEliminare`, `importo`, `arrivo`, `servizio`, `ordinazione`, `scontrino`) VALUES
	(5555, '598277779.251165', 1700, '2020-01-01 12:07:40', '2020-01-01 12:36:25', '2020-01-01 12:16:56', '2020-01-01 13:16:19'),
	(5556, '598278367.849407', 3600, '2020-01-01 12:26:38', '2020-01-01 12:54:33', '2020-01-01 12:33:16', '2020-01-01 13:26:07'),
	(5557, '598278667.775873', 9800, '2020-01-01 12:24:35', '2020-01-01 12:47:56', '2020-01-01 12:34:57', '2020-01-01 13:31:07'),
	(5558, '598279196.878874', 1000, '2020-01-01 12:50:41', '2020-01-01 13:13:43', '2020-01-01 12:57:38', '2020-01-01 13:39:56'),
	(5559, '598280558.748133', 3500, '2020-01-01 12:51:01', '2020-01-01 13:31:08', '2020-01-01 12:59:40', '2020-01-01 14:02:38'),
	(5560, '598280792.003171', 1040, '2020-01-01 13:01:06', '2020-01-01 13:32:39', '2020-01-01 13:08:33', '2020-01-01 14:06:32'),
	(5561, '598280810.732268', 1040, '2020-01-01 13:14:32', '2020-01-01 13:36:55', '2020-01-01 13:20:47', '2020-01-01 14:06:50'),
	(5562, '598280822.710071', 1000, '2020-01-01 13:01:47', '2020-01-01 13:39:04', '2020-01-01 13:15:44', '2020-01-01 14:07:02'),
	(5563, '598280893.779684', 1000, '2020-01-01 12:58:55', '2020-01-01 13:38:10', '2020-01-01 13:04:55', '2020-01-01 14:08:13'),
	(5564, '598280989.220464', 1000, '2020-01-01 13:24:01', '2020-01-01 13:48:28', '2020-01-01 13:37:10', '2020-01-01 14:09:49'),
	(5565, '598282591.762033', 2300, '2020-01-01 13:40:22', '2020-01-01 14:14:51', '2020-01-01 13:53:07', '2020-01-01 14:36:31'),
	(5566, '598282813.684198', 5700, '2020-01-01 13:51:54', '2020-01-01 14:15:59', '2020-01-01 14:01:12', '2020-01-01 14:40:13'),
	(5567, '598283536.138691', 3250, '2020-01-01 13:39:07', '2020-01-01 14:16:05', '2020-01-01 13:52:23', '2020-01-01 14:52:16'),
	(5568, '598362928.348881', 1000, '2020-01-02 11:49:36', '2020-01-02 12:17:12', '2020-01-02 12:03:03', '2020-01-02 12:55:28'),
	(5569, '598364243.066183', 1900, '2020-01-02 12:12:27', '2020-01-02 12:39:37', '2020-01-02 12:24:56', '2020-01-02 13:17:23'),
	(5570, '598364640.587238', 1800, '2020-01-02 12:26:52', '2020-01-02 12:54:55', '2020-01-02 12:33:55', '2020-01-02 13:24:00'),
	(5571, '598367180.742561', 2500, '2020-01-02 12:50:33', '2020-01-02 13:29:15', '2020-01-02 13:03:21', '2020-01-02 14:06:20'),
	(5572, '598367916.60148', 1100, '2020-01-02 13:11:01', '2020-01-02 13:50:27', '2020-01-02 13:18:53', '2020-01-02 14:18:36'),
	(5573, '598367968.109732', 1900, '2020-01-02 13:18:51', '2020-01-02 13:44:54', '2020-01-02 13:24:47', '2020-01-02 14:19:28'),
	(5574, '598368373.310582', 1700, '2020-01-02 13:10:57', '2020-01-02 13:42:52', '2020-01-02 13:22:00', '2020-01-02 14:26:13'),
	(5575, '598368511.151796', 2200, '2020-01-02 12:58:56', '2020-01-02 13:45:26', '2020-01-02 13:11:27', '2020-01-02 14:28:31'),
	(5576, '598369046.823153', 2000, '2020-01-02 13:20:18', '2020-01-02 13:57:03', '2020-01-02 13:34:42', '2020-01-02 14:37:26'),
	(5577, '598369123.92068', 11500, '2020-01-02 13:36:47', '2020-01-02 14:11:02', '2020-01-02 13:46:14', '2020-01-02 14:38:43'),
	(5578, '598369775.177785', 2300, '2020-01-02 13:56:19', '2020-01-02 14:27:21', '2020-01-02 14:05:22', '2020-01-02 14:49:35'),
	(5579, '598370194.516895', 1000, '2020-01-02 13:45:59', '2020-01-02 14:23:27', '2020-01-02 13:57:56', '2020-01-02 14:56:34'),
	(5580, '598370208.335662', 900, '2020-01-02 13:53:38', '2020-01-02 14:27:53', '2020-01-02 14:01:14', '2020-01-02 14:56:48'),
	(5581, '598370302.35986', 900, '2020-01-02 14:04:17', '2020-01-02 14:33:07', '2020-01-02 14:11:27', '2020-01-02 14:58:22'),
	(5582, '598375876.367505', 700, '2020-01-02 15:20:14', '2020-01-02 15:46:44', '2020-01-02 15:28:18', '2020-01-02 16:31:16'),
	(5583, '598451797.719883', 3600, '2020-01-03 12:38:46', '2020-01-03 13:09:44', '2020-01-03 12:52:35', '2020-01-03 13:36:37'),
	(5584, '598452113.018463', 1890, '2020-01-03 12:40:43', '2020-01-03 13:11:03', '2020-01-03 12:50:35', '2020-01-03 13:41:53'),
	(5585, '598452329.285558', 1000, '2020-01-03 12:48:07', '2020-01-03 13:16:58', '2020-01-03 13:01:03', '2020-01-03 13:45:29'),
	(5586, '598452352.525514', 1000, '2020-01-03 12:32:35', '2020-01-03 13:15:48', '2020-01-03 12:42:39', '2020-01-03 13:45:52'),
	(5587, '598452418.681476', 1000, '2020-01-03 12:22:35', '2020-01-03 13:02:08', '2020-01-03 12:29:06', '2020-01-03 13:46:58'),
	(5588, '598452446.623195', 900, '2020-01-03 12:30:22', '2020-01-03 13:08:27', '2020-01-03 12:37:45', '2020-01-03 13:47:26'),
	(5589, '598452469.264835', 1000, '2020-01-03 12:35:33', '2020-01-03 13:07:25', '2020-01-03 12:47:58', '2020-01-03 13:47:49'),
	(5590, '598452510.126131', 900, '2020-01-03 12:33:24', '2020-01-03 13:08:28', '2020-01-03 12:48:21', '2020-01-03 13:48:30'),
	(5591, '598452547.410694', 1950, '2020-01-03 12:30:19', '2020-01-03 13:15:06', '2020-01-03 12:42:50', '2020-01-03 13:49:07'),
	(5592, '598452772.050121', 1000, '2020-01-03 12:54:12', '2020-01-03 13:22:53', '2020-01-03 13:06:55', '2020-01-03 13:52:52'),
	(5593, '598453229.650106', 2400, '2020-01-03 12:58:34', '2020-01-03 13:32:38', '2020-01-03 13:09:36', '2020-01-03 14:00:29'),
	(5594, '598453503.205752', 1800, '2020-01-03 12:51:27', '2020-01-03 13:35:45', '2020-01-03 13:03:28', '2020-01-03 14:05:03'),
	(5595, '598454816.701335', 2300, '2020-01-03 12:59:34', '2020-01-03 13:43:56', '2020-01-03 13:11:34', '2020-01-03 14:26:56'),
	(5596, '598455592.209561', 1250, '2020-01-03 13:28:55', '2020-01-03 14:07:48', '2020-01-03 13:37:52', '2020-01-03 14:39:52'),
	(5597, '598456783.735156', 2000, '2020-01-03 13:52:01', '2020-01-03 14:23:23', '2020-01-03 14:05:46', '2020-01-03 14:59:43'),
	(5598, '598458071.330181', 2400, '2020-01-03 14:20:26', '2020-01-03 14:40:41', '2020-01-03 14:27:23', '2020-01-03 15:21:11'),
	(5599, '598458415.499254', 5050, '2020-01-03 14:26:15', '2020-01-03 15:03:25', '2020-01-03 14:34:44', '2020-01-03 15:26:55'),
	(5607, '598536160.952986', 2200, '2020-01-04 12:11:37', '2020-01-04 12:36:38', '2020-01-04 12:18:10', '2020-01-04 13:02:40'),
	(5608, '598536240.824858', 900, '2020-01-04 11:50:40', '2020-01-04 12:24:19', '2020-01-04 12:03:00', '2020-01-04 13:04:00'),
	(5609, '598536974.319456', 800, '2020-01-04 12:27:43', '2020-01-04 12:50:54', '2020-01-04 12:34:43', '2020-01-04 13:16:14'),
	(5610, '598537002.490249', 700, '2020-01-04 11:54:06', '2020-01-04 12:39:05', '2020-01-04 12:07:07', '2020-01-04 13:16:42'),
	(5611, '598537047.749508', 900, '2020-01-04 11:59:58', '2020-01-04 12:35:20', '2020-01-04 12:09:03', '2020-01-04 13:17:27'),
	(5612, '598537236.162415', 1150, '2020-01-04 12:15:59', '2020-01-04 12:52:55', '2020-01-04 12:27:23', '2020-01-04 13:20:36'),
	(5613, '598537289.613298', 1200, '2020-01-04 12:10:48', '2020-01-04 12:39:21', '2020-01-04 12:25:32', '2020-01-04 13:21:29'),
	(5614, '598537781.859168', 700, '2020-01-04 12:10:10', '2020-01-04 12:57:07', '2020-01-04 12:24:37', '2020-01-04 13:29:41'),
	(5615, '598538936.72944', 4900, '2020-01-04 12:43:17', '2020-01-04 13:07:27', '2020-01-04 12:56:24', '2020-01-04 13:48:56'),
	(5616, '598539491.656381', 6250, '2020-01-04 12:48:29', '2020-01-04 13:18:29', '2020-01-04 12:55:42', '2020-01-04 13:58:11'),
	(5617, '598539747.923874', 1900, '2020-01-04 13:00:51', '2020-01-04 13:33:22', '2020-01-04 13:12:35', '2020-01-04 14:02:27'),
	(5618, '598539957.674481', 2250, '2020-01-04 12:57:03', '2020-01-04 13:34:38', '2020-01-04 13:09:04', '2020-01-04 14:05:57'),
	(5619, '598540015.528623', 1800, '2020-01-04 13:02:14', '2020-01-04 13:42:35', '2020-01-04 13:12:07', '2020-01-04 14:06:55'),
	(5620, '598540065.587919', 2400, '2020-01-04 13:10:59', '2020-01-04 13:35:03', '2020-01-04 13:19:24', '2020-01-04 14:07:45'),
	(5621, '598541885.472343', 5150, '2020-01-04 13:43:16', '2020-01-04 14:17:32', '2020-01-04 13:50:42', '2020-01-04 14:38:05'),
	(5622, '598542134.692169', 3500, '2020-01-04 13:33:24', '2020-01-04 14:07:35', '2020-01-04 13:40:19', '2020-01-04 14:42:14'),
	(5623, '598542582.12511', 1250, '2020-01-04 13:40:01', '2020-01-04 14:08:08', '2020-01-04 13:47:19', '2020-01-04 14:49:42'),
	(5624, '598542683.391303', 1000, '2020-01-04 13:54:21', '2020-01-04 14:17:27', '2020-01-04 14:05:08', '2020-01-04 14:51:23'),
	(5625, '598542698.85364', 1000, '2020-01-04 14:05:32', '2020-01-04 14:26:39', '2020-01-04 14:12:32', '2020-01-04 14:51:38'),
	(5626, '598543300.297129', 800, '2020-01-04 14:02:14', '2020-01-04 14:33:34', '2020-01-04 14:09:53', '2020-01-04 15:01:40'),
	(5627, '598543325.237196', 2000, '2020-01-04 14:13:11', '2020-01-04 14:41:32', '2020-01-04 14:25:29', '2020-01-04 15:02:05'),
	(5628, '598543492.724946', 2700, '2020-01-04 14:03:38', '2020-01-04 14:41:24', '2020-01-04 14:17:10', '2020-01-04 15:04:52'),
	(5649, '598795384.125546', 800, '2020-01-07 12:08:35', '2020-01-07 12:27:23', '2020-01-07 12:14:22', '2020-01-07 13:03:04'),
	(5650, '598796174.575902', 800, '2020-01-07 11:52:31', '2020-01-07 12:38:13', '2020-01-07 12:05:51', '2020-01-07 13:16:14'),
	(5651, '598796239.487559', 1100, '2020-01-07 12:12:05', '2020-01-07 12:39:14', '2020-01-07 12:26:25', '2020-01-07 13:17:19'),
	(5652, '598796316.218879', 900, '2020-01-07 12:08:37', '2020-01-07 12:47:17', '2020-01-07 12:15:18', '2020-01-07 13:18:36'),
	(5653, '598796986.816572', 900, '2020-01-07 12:50:31', '2020-01-07 13:07:23', '2020-01-07 12:55:55', '2020-01-07 13:29:46'),
	(5654, '598797185.26805', 4500, '2020-01-07 12:31:47', '2020-01-07 13:10:09', '2020-01-07 12:43:46', '2020-01-07 13:33:05'),
	(5655, '598797267.086215', 4200, '2020-01-07 12:45:35', '2020-01-07 13:06:53', '2020-01-07 12:54:20', '2020-01-07 13:34:27'),
	(5656, '598797335.181687', 2200, '2020-01-07 12:35:11', '2020-01-07 13:11:32', '2020-01-07 12:47:57', '2020-01-07 13:35:35'),
	(5657, '598797716.736951', 700, '2020-01-07 12:26:27', '2020-01-07 12:59:23', '2020-01-07 12:39:04', '2020-01-07 13:41:56'),
	(5658, '598797966.990216', 2150, '2020-01-07 12:54:57', '2020-01-07 13:25:32', '2020-01-07 13:04:42', '2020-01-07 13:46:06'),
	(5659, '598799124.821662', 3350, '2020-01-07 12:56:01', '2020-01-07 13:35:10', '2020-01-07 13:01:56', '2020-01-07 14:05:24'),
	(5660, '598799182.488976', 2900, '2020-01-07 12:57:49', '2020-01-07 13:21:53', '2020-01-07 13:03:12', '2020-01-07 14:06:22'),
	(5661, '598799207.269676', 1700, '2020-01-07 12:42:15', '2020-01-07 13:30:03', '2020-01-07 12:56:22', '2020-01-07 14:06:47'),
	(5662, '598801862.136004', 2900, '2020-01-07 13:43:56', '2020-01-07 14:20:48', '2020-01-07 13:53:25', '2020-01-07 14:51:02'),
	(5663, '598802711.04024', 3050, '2020-01-07 14:08:17', '2020-01-07 14:44:13', '2020-01-07 14:18:20', '2020-01-07 15:05:11'),
	(5664, '598802973.705347', 1000, '2020-01-07 14:06:20', '2020-01-07 14:25:25', '2020-01-07 14:13:10', '2020-01-07 15:09:33'),
	(5665, '598803030.636902', 1000, '2020-01-07 14:00:07', '2020-01-07 14:32:44', '2020-01-07 14:09:07', '2020-01-07 15:10:30'),
	(5666, '598803088.799121', 3550, '2020-01-07 14:04:07', '2020-01-07 14:35:01', '2020-01-07 14:13:39', '2020-01-07 15:11:28'),
	(5667, '598803402.659396', 1000, '2020-01-07 14:21:07', '2020-01-07 14:52:45', '2020-01-07 14:26:47', '2020-01-07 15:16:42'),
	(5673, '599140117.66342', 1000, '2020-01-11 11:22:45', '2020-01-11 12:08:14', '2020-01-11 11:37:29', '2020-01-11 12:48:37'),
	(5674, '599140601.807083', 3600, '2020-01-11 11:54:01', '2020-01-11 12:21:36', '2020-01-11 12:05:43', '2020-01-11 12:56:41'),
	(5675, '599142189.253017', 1800, '2020-01-11 12:12:26', '2020-01-11 12:48:52', '2020-01-11 12:21:42', '2020-01-11 13:23:09'),
	(5676, '599142467.811972', 3600, '2020-01-11 12:32:12', '2020-01-11 13:06:37', '2020-01-11 12:38:27', '2020-01-11 13:27:47'),
	(5677, '599142709.520255', 2000, '2020-01-11 12:25:59', '2020-01-11 12:58:48', '2020-01-11 12:34:26', '2020-01-11 13:31:49'),
	(5678, '599143330.7057', 3300, '2020-01-11 12:34:40', '2020-01-11 13:10:34', '2020-01-11 12:43:12', '2020-01-11 13:42:10'),
	(5679, '599143706.509778', 2300, '2020-01-11 12:28:31', '2020-01-11 13:09:30', '2020-01-11 12:40:48', '2020-01-11 13:48:26'),
	(5680, '599143790.989848', 1000, '2020-01-11 12:42:40', '2020-01-11 13:19:56', '2020-01-11 12:53:32', '2020-01-11 13:49:50'),
	(5681, '599143832.36042', 3900, '2020-01-11 12:49:28', '2020-01-11 13:12:50', '2020-01-11 13:01:55', '2020-01-11 13:50:32'),
	(5682, '599145299.56437', 4800, '2020-01-11 13:16:05', '2020-01-11 13:46:10', '2020-01-11 13:30:45', '2020-01-11 14:14:59'),
	(5683, '599145511.64563', 1550, '2020-01-11 12:57:14', '2020-01-11 13:42:33', '2020-01-11 13:08:13', '2020-01-11 14:18:31'),
	(5684, '599147135.715309', 5450, '2020-01-11 14:00:49', '2020-01-11 14:22:11', '2020-01-11 14:06:44', '2020-01-11 14:45:35'),
	(5711, '599490324.52987', 45000, '2020-01-15 13:00:27', '2020-01-15 13:26:19', '2020-01-15 13:12:05', '2020-01-15 14:05:24'),
	(5712, '599659071.542947', 800, '2020-01-17 12:07:22', '2020-01-17 12:27:38', '2020-01-17 12:12:50', '2020-01-17 12:57:51'),
	(5713, '599660330.36115', 2250, '2020-01-17 12:11:15', '2020-01-17 12:40:00', '2020-01-17 12:18:39', '2020-01-17 13:18:50'),
	(5714, '599660547.444732', 4450, '2020-01-17 12:15:59', '2020-01-17 12:48:55', '2020-01-17 12:21:36', '2020-01-17 13:22:27'),
	(5715, '599660866.63267', 3750, '2020-01-17 12:33:04', '2020-01-17 12:56:34', '2020-01-17 12:43:58', '2020-01-17 13:27:46'),
	(5716, '599661368.39394', 1800, '2020-01-17 12:27:08', '2020-01-17 13:00:46', '2020-01-17 12:39:46', '2020-01-17 13:36:08'),
	(5717, '599661627.05374', 900, '2020-01-17 12:24:32', '2020-01-17 13:02:12', '2020-01-17 12:30:00', '2020-01-17 13:40:27'),
	(5718, '599661702.211413', 0, '2020-01-17 12:34:02', '2020-01-17 13:01:32', '2020-01-17 12:48:28', '2020-01-17 13:41:42'),
	(5719, '599661749.835228', 1700, '2020-01-17 12:16:55', '2020-01-17 13:01:22', '2020-01-17 12:27:41', '2020-01-17 13:42:29'),
	(5720, '599663671.696501', 4900, '2020-01-17 13:09:36', '2020-01-17 13:34:25', '2020-01-17 13:15:08', '2020-01-17 14:14:31'),
	(5721, '599663992.528168', 3900, '2020-01-17 13:27:02', '2020-01-17 13:47:45', '2020-01-17 13:37:24', '2020-01-17 14:19:52'),
	(5722, '599664770.780115', 2500, '2020-01-17 13:28:21', '2020-01-17 14:12:30', '2020-01-17 13:38:37', '2020-01-17 14:32:50'),
	(5723, '599664816.445855', 3550, '2020-01-17 13:24:38', '2020-01-17 13:58:17', '2020-01-17 13:29:52', '2020-01-17 14:33:36'),
	(5724, '599664890.274547', 2000, '2020-01-17 13:33:23', '2020-01-17 14:14:13', '2020-01-17 13:43:46', '2020-01-17 14:34:50'),
	(5725, '599665356.614282', 2150, '2020-01-17 13:32:17', '2020-01-17 14:15:28', '2020-01-17 13:43:29', '2020-01-17 14:42:36'),
	(5738, '599745714.113436', 800, '2020-01-18 11:49:40', '2020-01-18 12:33:07', '2020-01-18 11:59:33', '2020-01-18 13:01:54'),
	(5739, '599746337.021448', 1700, '2020-01-18 12:06:59', '2020-01-18 12:29:42', '2020-01-18 12:17:50', '2020-01-18 13:12:17'),
	(5740, '599746698.803796', 4100, '2020-01-18 12:13:31', '2020-01-18 12:46:47', '2020-01-18 12:23:05', '2020-01-18 13:18:18'),
	(5741, '599747924.741443', 1900, '2020-01-18 12:30:44', '2020-01-18 13:03:53', '2020-01-18 12:41:01', '2020-01-18 13:38:44'),
	(5742, '599749071.545298', 1950, '2020-01-18 12:42:08', '2020-01-18 13:23:07', '2020-01-18 12:49:52', '2020-01-18 13:57:51'),
	(5743, '599749281.974415', 2100, '2020-01-18 13:11:41', '2020-01-18 13:37:13', '2020-01-18 13:24:32', '2020-01-18 14:01:21'),
	(5744, '599749527.330989', 900, '2020-01-18 13:09:16', '2020-01-18 13:43:57', '2020-01-18 13:15:17', '2020-01-18 14:05:27'),
	(5745, '599749553.434189', 1000, '2020-01-18 12:58:58', '2020-01-18 13:25:49', '2020-01-18 13:05:30', '2020-01-18 14:05:53'),
	(5746, '599749580.977673', 1500, '2020-01-18 12:45:17', '2020-01-18 13:25:31', '2020-01-18 12:54:57', '2020-01-18 14:06:20'),
	(5747, '599749601.76683', 1000, '2020-01-18 12:42:09', '2020-01-18 13:27:46', '2020-01-18 12:55:52', '2020-01-18 14:06:41'),
	(5748, '599749624.804393', 900, '2020-01-18 12:52:33', '2020-01-18 13:39:56', '2020-01-18 13:07:08', '2020-01-18 14:07:04'),
	(5749, '599749637.018038', 1900, '2020-01-18 13:03:15', '2020-01-18 13:43:20', '2020-01-18 13:10:01', '2020-01-18 14:07:17'),
	(5750, '599750298.630385', 1700, '2020-01-18 12:56:41', '2020-01-18 13:34:58', '2020-01-18 13:01:47', '2020-01-18 14:18:18'),
	(5751, '599750545.093808', 5000, '2020-01-18 13:16:25', '2020-01-18 13:57:33', '2020-01-18 13:26:36', '2020-01-18 14:22:25'),
	(5752, '599751485.025746', 4050, '2020-01-18 13:42:56', '2020-01-18 14:13:45', '2020-01-18 13:53:33', '2020-01-18 14:38:05'),
	(5753, '599751774.317475', 2150, '2020-01-18 13:45:06', '2020-01-18 14:15:52', '2020-01-18 13:52:42', '2020-01-18 14:42:54'),
	(5754, '599751838.921084', 2150, '2020-01-18 13:30:26', '2020-01-18 14:01:46', '2020-01-18 13:41:32', '2020-01-18 14:43:58'),
	(5755, '599752488.042601', 1700, '2020-01-18 13:50:32', '2020-01-18 14:19:54', '2020-01-18 13:58:15', '2020-01-18 14:54:48'),
	(5756, '599752644.207776', 1300, '2020-01-18 14:06:34', '2020-01-18 14:29:29', '2020-01-18 14:16:52', '2020-01-18 14:57:24'),
	(5757, '599752664.070505', 800, '2020-01-18 13:51:25', '2020-01-18 14:17:51', '2020-01-18 14:04:45', '2020-01-18 14:57:44'),
	(5758, '599752690.494258', 2100, '2020-01-18 14:09:01', '2020-01-18 14:37:29', '2020-01-18 14:19:48', '2020-01-18 14:58:10'),
	(5785, '600091840.83164', 1000, '2020-01-22 12:08:49', '2020-01-22 12:31:53', '2020-01-22 12:17:46', '2020-01-22 13:10:40'),
	(5786, '600092705.813708', 2900, '2020-01-22 12:08:14', '2020-01-22 12:48:12', '2020-01-22 12:15:39', '2020-01-22 13:25:05'),
	(5787, '600093137.12616', 900, '2020-01-22 12:53:37', '2020-01-22 13:09:13', '2020-01-22 12:58:50', '2020-01-22 13:32:17'),
	(5788, '600093235.125564', 1050, '2020-01-22 12:31:04', '2020-01-22 12:59:13', '2020-01-22 12:39:55', '2020-01-22 13:33:55'),
	(5789, '600093276.294799', 1150, '2020-01-22 12:16:21', '2020-01-22 13:00:20', '2020-01-22 12:29:59', '2020-01-22 13:34:36'),
	(5790, '600093333.430348', 3400, '2020-01-22 12:32:46', '2020-01-22 13:13:16', '2020-01-22 12:39:24', '2020-01-22 13:35:33'),
	(5791, '600093580.011632', 1350, '2020-01-22 12:35:27', '2020-01-22 13:01:02', '2020-01-22 12:42:43', '2020-01-22 13:39:40'),
	(5792, '600095510.599784', 5450, '2020-01-22 12:59:06', '2020-01-22 13:40:32', '2020-01-22 13:10:34', '2020-01-22 14:11:50'),
	(5793, '600095820.568936', 2000, '2020-01-22 13:10:59', '2020-01-22 13:56:25', '2020-01-22 13:21:30', '2020-01-22 14:17:00'),
	(5794, '600096728.639595', 5050, '2020-01-22 13:15:11', '2020-01-22 13:53:03', '2020-01-22 13:28:24', '2020-01-22 14:32:08'),
	(5795, '600097675.137355', 1000, '2020-01-22 13:26:18', '2020-01-22 14:09:18', '2020-01-22 13:35:48', '2020-01-22 14:47:55'),
	(5796, '600097730.638786', 2600, '2020-01-22 13:31:26', '2020-01-22 14:17:56', '2020-01-22 13:44:20', '2020-01-22 14:48:50'),
	(5797, '600099101.888525', 4300, '2020-01-22 13:44:35', '2020-01-22 14:28:04', '2020-01-22 13:55:36', '2020-01-22 15:11:41'),
	(5798, '600099318.982914', 1250, '2020-01-22 14:06:58', '2020-01-22 14:44:55', '2020-01-22 14:18:19', '2020-01-22 15:15:18'),
	(5799, '600099426.800566', 1050, '2020-01-22 14:16:46', '2020-01-22 14:51:03', '2020-01-22 14:25:30', '2020-01-22 15:17:06'),
	(5800, '600179095.805447', 1900, '2020-01-23 12:13:08', '2020-01-23 12:40:45', '2020-01-23 12:27:45', '2020-01-23 13:24:55'),
	(5801, '600180053.447262', 1800, '2020-01-23 12:38:00', '2020-01-23 13:18:13', '2020-01-23 12:49:54', '2020-01-23 13:40:53'),
	(5802, '600180557.663572', 1800, '2020-01-23 12:45:10', '2020-01-23 13:13:25', '2020-01-23 12:55:50', '2020-01-23 13:49:17'),
	(5803, '600181110.329696', 1800, '2020-01-23 12:46:33', '2020-01-23 13:17:09', '2020-01-23 12:59:11', '2020-01-23 13:58:30'),
	(5804, '600181144.837614', 1800, '2020-01-23 12:56:36', '2020-01-23 13:29:54', '2020-01-23 13:02:48', '2020-01-23 13:59:04'),
	(5805, '600181842.921368', 1000, '2020-01-23 13:14:19', '2020-01-23 13:43:58', '2020-01-23 13:22:23', '2020-01-23 14:10:42'),
	(5806, '600181874.344211', 1100, '2020-01-23 13:21:34', '2020-01-23 13:45:00', '2020-01-23 13:28:19', '2020-01-23 14:11:14'),
	(5807, '600181975.925283', 2100, '2020-01-23 12:53:46', '2020-01-23 13:41:58', '2020-01-23 13:08:20', '2020-01-23 14:12:55'),
	(5808, '600182960.415703', 1050, '2020-01-23 13:17:34', '2020-01-23 13:58:16', '2020-01-23 13:25:10', '2020-01-23 14:29:20'),
	(5809, '600182974.853306', 2250, '2020-01-23 13:08:08', '2020-01-23 13:47:04', '2020-01-23 13:17:25', '2020-01-23 14:29:34'),
	(5810, '600183372.399653', 1000, '2020-01-23 13:49:22', '2020-01-23 14:11:56', '2020-01-23 13:58:00', '2020-01-23 14:36:12'),
	(5811, '600265903.96532', 1800, '2020-01-24 12:36:46', '2020-01-24 13:07:50', '2020-01-24 12:47:07', '2020-01-24 13:31:43'),
	(5812, '600265931.399177', 1600, '2020-01-24 12:27:58', '2020-01-24 13:05:36', '2020-01-24 12:38:49', '2020-01-24 13:32:11'),
	(5813, '600265986.173322', 1000, '2020-01-24 12:31:46', '2020-01-24 12:51:46', '2020-01-24 12:39:59', '2020-01-24 13:33:06'),
	(5814, '600265994.067483', 900, '2020-01-24 12:29:15', '2020-01-24 13:01:21', '2020-01-24 12:42:48', '2020-01-24 13:33:14'),
	(5815, '600266803.750411', 6200, '2020-01-24 12:35:49', '2020-01-24 13:06:18', '2020-01-24 12:43:53', '2020-01-24 13:46:43'),
	(5816, '600267198.825416', 2100, '2020-01-24 12:40:39', '2020-01-24 13:16:49', '2020-01-24 12:55:21', '2020-01-24 13:53:18'),
	(5817, '600267497.739943', 2050, '2020-01-24 12:32:44', '2020-01-24 13:17:07', '2020-01-24 12:47:01', '2020-01-24 13:58:17'),
	(5818, '600267976.964179', 1100, '2020-01-24 13:01:25', '2020-01-24 13:39:55', '2020-01-24 13:13:48', '2020-01-24 14:06:16'),
	(5819, '600268504.745633', 1900, '2020-01-24 12:52:28', '2020-01-24 13:36:47', '2020-01-24 13:06:31', '2020-01-24 14:15:04'),
	(5820, '600268937.384946', 6600, '2020-01-24 13:18:50', '2020-01-24 13:39:53', '2020-01-24 13:26:54', '2020-01-24 14:22:17'),
	(5821, '600269533.04992', 1800, '2020-01-24 13:37:44', '2020-01-24 14:05:07', '2020-01-24 13:50:59', '2020-01-24 14:32:13'),
	(5822, '600269784.744967', 900, '2020-01-24 13:29:15', '2020-01-24 13:58:02', '2020-01-24 13:36:17', '2020-01-24 14:36:24'),
	(5823, '600270684.959737', 900, '2020-01-24 13:29:08', '2020-01-24 14:10:54', '2020-01-24 13:39:35', '2020-01-24 14:51:24'),
	(5824, '600270717.519837', 900, '2020-01-24 13:32:00', '2020-01-24 14:09:31', '2020-01-24 13:38:08', '2020-01-24 14:51:57'),
	(5825, '600270738.935837', 1000, '2020-01-24 13:49:16', '2020-01-24 14:31:36', '2020-01-24 14:03:37', '2020-01-24 14:52:18'),
	(5826, '600270831.497486', 1500, '2020-01-24 14:03:33', '2020-01-24 14:22:42', '2020-01-24 14:11:56', '2020-01-24 14:53:51'),
	(5827, '600270866.522897', 1500, '2020-01-24 13:41:58', '2020-01-24 14:30:43', '2020-01-24 13:55:48', '2020-01-24 14:54:26'),
	(5828, '600270914.134973', 1500, '2020-01-24 13:43:48', '2020-01-24 14:25:07', '2020-01-24 13:52:50', '2020-01-24 14:55:14'),
	(5829, '600270954.378395', 1500, '2020-01-24 13:51:09', '2020-01-24 14:21:27', '2020-01-24 13:59:49', '2020-01-24 14:55:54'),
	(5830, '600271260.247536', 1000, '2020-01-24 13:46:30', '2020-01-24 14:24:06', '2020-01-24 13:57:45', '2020-01-24 15:01:00'),
	(5831, '600271545.123428', 1250, '2020-01-24 13:52:29', '2020-01-24 14:29:34', '2020-01-24 13:57:43', '2020-01-24 15:05:45'),
	(5832, '600271606.571114', 1250, '2020-01-24 14:13:52', '2020-01-24 14:41:32', '2020-01-24 14:21:18', '2020-01-24 15:06:46'),
	(5833, '600271704.875667', 2400, '2020-01-24 14:18:39', '2020-01-24 14:45:47', '2020-01-24 14:25:09', '2020-01-24 15:08:24'),
	(5848, '600350017.420005', 1950, '2020-01-25 11:33:35', '2020-01-25 12:11:14', '2020-01-25 11:38:46', '2020-01-25 12:53:37'),
	(5849, '600350105.683972', 1050, '2020-01-25 12:04:08', '2020-01-25 12:30:59', '2020-01-25 12:15:32', '2020-01-25 12:55:05'),
	(5850, '600351383.813481', 1150, '2020-01-25 12:26:39', '2020-01-25 12:53:01', '2020-01-25 12:33:09', '2020-01-25 13:16:23'),
	(5851, '600352455.073279', 2150, '2020-01-25 12:38:30', '2020-01-25 13:09:44', '2020-01-25 12:51:47', '2020-01-25 13:34:15'),
	(5852, '600353255.441617', 1200, '2020-01-25 12:43:00', '2020-01-25 13:15:05', '2020-01-25 12:54:54', '2020-01-25 13:47:35'),
	(5853, '600353441.919217', 1050, '2020-01-25 12:40:01', '2020-01-25 13:06:44', '2020-01-25 12:54:42', '2020-01-25 13:50:41'),
	(5854, '600353918.283318', 2400, '2020-01-25 13:03:56', '2020-01-25 13:31:20', '2020-01-25 13:16:39', '2020-01-25 13:58:38'),
	(5855, '600354066.353066', 1200, '2020-01-25 12:44:38', '2020-01-25 13:26:29', '2020-01-25 12:59:11', '2020-01-25 14:01:06'),
	(5856, '600354103.834921', 1200, '2020-01-25 12:58:29', '2020-01-25 13:40:29', '2020-01-25 13:08:03', '2020-01-25 14:01:43'),
	(5857, '600354140.505122', 1200, '2020-01-25 13:00:29', '2020-01-25 13:30:02', '2020-01-25 13:09:44', '2020-01-25 14:02:20'),
	(5858, '600354179.912931', 1200, '2020-01-25 13:03:26', '2020-01-25 13:35:08', '2020-01-25 13:15:56', '2020-01-25 14:02:59'),
	(5859, '600354214.935509', 900, '2020-01-25 13:06:22', '2020-01-25 13:41:16', '2020-01-25 13:16:10', '2020-01-25 14:03:34'),
	(5860, '600355212.221367', 1150, '2020-01-25 13:07:46', '2020-01-25 13:47:14', '2020-01-25 13:14:17', '2020-01-25 14:20:12'),
	(5861, '600355496.281307', 1800, '2020-01-25 13:19:25', '2020-01-25 13:57:01', '2020-01-25 13:27:37', '2020-01-25 14:24:56'),
	(5862, '600355755.451951', 2200, '2020-01-25 13:48:53', '2020-01-25 14:08:31', '2020-01-25 13:55:20', '2020-01-25 14:29:15'),
	(5863, '600356623.306129', 2300, '2020-01-25 13:48:26', '2020-01-25 14:18:48', '2020-01-25 14:01:06', '2020-01-25 14:43:43'),
	(5864, '600356682.264851', 5000, '2020-01-25 13:39:18', '2020-01-25 14:02:17', '2020-01-25 13:48:17', '2020-01-25 14:44:42'),
	(5865, '600357577.584847', 2500, '2020-01-25 13:33:32', '2020-01-25 14:17:18', '2020-01-25 13:45:26', '2020-01-25 14:59:37'),
	(5866, '600358663.546187', 2000, '2020-01-25 13:58:27', '2020-01-25 14:38:23', '2020-01-25 14:06:02', '2020-01-25 15:17:43'),
	(5867, '600360835.189925', 4800, '2020-01-25 14:50:48', '2020-01-25 15:29:12', '2020-01-25 14:58:03', '2020-01-25 15:53:55'),
	(5887, '600609626.963065', 1000, '2020-01-28 11:52:41', '2020-01-28 12:24:50', '2020-01-28 12:01:09', '2020-01-28 13:00:26'),
	(5888, '600609827.137352', 1150, '2020-01-28 12:09:20', '2020-01-28 12:29:55', '2020-01-28 12:14:55', '2020-01-28 13:03:47'),
	(5889, '600609881.301343', 1150, '2020-01-28 11:55:35', '2020-01-28 12:22:07', '2020-01-28 12:03:08', '2020-01-28 13:04:41'),
	(5890, '600609912.635828', 1150, '2020-01-28 12:03:04', '2020-01-28 12:23:58', '2020-01-28 12:09:04', '2020-01-28 13:05:12'),
	(5891, '600610373.546404', 900, '2020-01-28 11:54:30', '2020-01-28 12:39:26', '2020-01-28 12:06:53', '2020-01-28 13:12:53'),
	(5892, '600610857.504525', 1250, '2020-01-28 12:15:26', '2020-01-28 12:57:23', '2020-01-28 12:24:21', '2020-01-28 13:20:57'),
	(5893, '600610910.533474', 1150, '2020-01-28 12:14:18', '2020-01-28 12:59:21', '2020-01-28 12:26:46', '2020-01-28 13:21:50'),
	(5894, '600611017.133734', 2300, '2020-01-28 12:22:33', '2020-01-28 13:01:54', '2020-01-28 12:33:06', '2020-01-28 13:23:37'),
	(5895, '600611626.215759', 1800, '2020-01-28 12:51:01', '2020-01-28 13:12:38', '2020-01-28 13:01:24', '2020-01-28 13:33:46'),
	(5896, '600611867.47553', 900, '2020-01-28 12:37:14', '2020-01-28 13:17:16', '2020-01-28 12:42:30', '2020-01-28 13:37:47'),
	(5897, '600611895.079378', 1900, '2020-01-28 12:13:40', '2020-01-28 12:54:01', '2020-01-28 12:23:50', '2020-01-28 13:38:15'),
	(5898, '600612615.50765', 1000, '2020-01-28 12:49:01', '2020-01-28 13:10:40', '2020-01-28 12:59:05', '2020-01-28 13:50:15'),
	(5899, '600613072.52422', 900, '2020-01-28 12:50:25', '2020-01-28 13:37:38', '2020-01-28 13:05:16', '2020-01-28 13:57:52'),
	(5900, '600613590.869397', 1900, '2020-01-28 13:02:58', '2020-01-28 13:29:04', '2020-01-28 13:11:59', '2020-01-28 14:06:30'),
	(5901, '600614603.349539', 2700, '2020-01-28 13:18:02', '2020-01-28 13:51:55', '2020-01-28 13:23:35', '2020-01-28 14:23:23'),
	(5902, '600615149.532056', 1800, '2020-01-28 13:31:15', '2020-01-28 14:07:26', '2020-01-28 13:37:00', '2020-01-28 14:32:29'),
	(5903, '600697218.506719', 3950, '2020-01-29 12:05:13', '2020-01-29 12:44:28', '2020-01-29 12:12:17', '2020-01-29 13:20:18'),
	(5904, '600697434.155256', 1000, '2020-01-29 12:02:08', '2020-01-29 12:49:52', '2020-01-29 12:15:15', '2020-01-29 13:23:54'),
	(5905, '600698061.067116', 1800, '2020-01-29 12:25:43', '2020-01-29 12:51:39', '2020-01-29 12:35:05', '2020-01-29 13:34:21'),
	(5906, '600698387.873046', 1800, '2020-01-29 12:26:56', '2020-01-29 12:58:24', '2020-01-29 12:39:27', '2020-01-29 13:39:47'),
	(5907, '600698678.224468', 800, '2020-01-29 12:51:12', '2020-01-29 13:10:47', '2020-01-29 13:00:43', '2020-01-29 13:44:38'),
	(5908, '600698975.799283', 1950, '2020-01-29 12:45:58', '2020-01-29 13:24:28', '2020-01-29 12:50:59', '2020-01-29 13:49:35'),
	(5909, '600701292.932399', 2200, '2020-01-29 13:20:21', '2020-01-29 13:59:10', '2020-01-29 13:31:54', '2020-01-29 14:28:12'),
	(5910, '600702165.09136', 2600, '2020-01-29 13:44:20', '2020-01-29 14:17:54', '2020-01-29 13:52:03', '2020-01-29 14:42:45'),
	(5911, '600702602.948826', 3000, '2020-01-29 13:46:27', '2020-01-29 14:07:54', '2020-01-29 13:55:25', '2020-01-29 14:50:02'),
	(5912, '600702713.236634', 1000, '2020-01-29 13:39:09', '2020-01-29 14:10:43', '2020-01-29 13:45:49', '2020-01-29 14:51:53'),
	(5913, '600702773.354208', 6300, '2020-01-29 13:40:03', '2020-01-29 14:18:30', '2020-01-29 13:51:28', '2020-01-29 14:52:53'),
	(5914, '600703250.021282', 1250, '2020-01-29 13:54:47', '2020-01-29 14:32:23', '2020-01-29 14:06:53', '2020-01-29 15:00:50'),
	(5915, '600703948.706775', 100, '2020-01-29 14:05:44', '2020-01-29 14:28:20', '2020-01-29 14:16:58', '2020-01-29 15:12:28'),
	(5916, '600781947.691407', 1050, '2020-01-30 11:36:54', '2020-01-30 12:12:08', '2020-01-30 11:51:47', '2020-01-30 12:52:27'),
	(5917, '600782055.005319', 1150, '2020-01-30 11:51:35', '2020-01-30 12:30:02', '2020-01-30 11:57:21', '2020-01-30 12:54:15'),
	(5918, '600783309.519716', 2100, '2020-01-30 12:18:32', '2020-01-30 12:45:03', '2020-01-30 12:27:43', '2020-01-30 13:15:09'),
	(5919, '600783801.649018', 2250, '2020-01-30 12:08:15', '2020-01-30 12:50:29', '2020-01-30 12:21:51', '2020-01-30 13:23:21'),
	(5920, '600784009.318433', 2800, '2020-01-30 12:21:04', '2020-01-30 12:57:45', '2020-01-30 12:26:33', '2020-01-30 13:26:49'),
	(5921, '600784412.069254', 1600, '2020-01-30 12:45:06', '2020-01-30 13:06:49', '2020-01-30 12:56:41', '2020-01-30 13:33:32'),
	(5922, '600784451.694212', 1250, '2020-01-30 12:39:16', '2020-01-30 13:07:49', '2020-01-30 12:45:47', '2020-01-30 13:34:11'),
	(5923, '600784708.41564', 2600, '2020-01-30 12:34:09', '2020-01-30 13:06:46', '2020-01-30 12:46:58', '2020-01-30 13:38:28'),
	(5924, '600785120.17277', 1200, '2020-01-30 12:38:27', '2020-01-30 13:10:54', '2020-01-30 12:48:00', '2020-01-30 13:45:20'),
	(5925, '600785139.523721', 1150, '2020-01-30 12:39:11', '2020-01-30 13:13:35', '2020-01-30 12:53:28', '2020-01-30 13:45:39'),
	(5926, '600786042.29237', 700, '2020-01-30 12:54:00', '2020-01-30 13:23:40', '2020-01-30 13:01:49', '2020-01-30 14:00:42'),
	(5927, '600786084.887871', 900, '2020-01-30 12:52:13', '2020-01-30 13:17:25', '2020-01-30 13:03:28', '2020-01-30 14:01:24'),
	(5928, '600786440.266138', 2600, '2020-01-30 13:01:30', '2020-01-30 13:28:32', '2020-01-30 13:09:19', '2020-01-30 14:07:20'),
	(5929, '600786640.323387', 3000, '2020-01-30 12:59:05', '2020-01-30 13:28:35', '2020-01-30 13:09:23', '2020-01-30 14:10:40'),
	(5930, '600786865.274053', 4800, '2020-01-30 13:08:59', '2020-01-30 13:50:25', '2020-01-30 13:22:03', '2020-01-30 14:14:25'),
	(5931, '600787213.55329', 2600, '2020-01-30 13:22:45', '2020-01-30 13:56:27', '2020-01-30 13:32:12', '2020-01-30 14:20:13'),
	(5932, '600787865.334544', 2300, '2020-01-30 13:24:58', '2020-01-30 14:04:14', '2020-01-30 13:38:03', '2020-01-30 14:31:05'),
	(5933, '600868407.048953', 1400, '2020-01-31 11:35:17', '2020-01-31 12:10:30', '2020-01-31 11:47:19', '2020-01-31 12:53:27'),
	(5934, '600868603.048818', 350, '2020-01-31 11:44:14', '2020-01-31 12:17:32', '2020-01-31 11:50:12', '2020-01-31 12:56:43'),
	(5935, '600869254.143726', 1100, '2020-01-31 12:04:36', '2020-01-31 12:45:30', '2020-01-31 12:13:20', '2020-01-31 13:07:34'),
	(5936, '600869403.017975', 1600, '2020-01-31 12:17:39', '2020-01-31 12:47:12', '2020-01-31 12:28:24', '2020-01-31 13:10:03'),
	(5937, '600869492.909246', 1800, '2020-01-31 12:18:23', '2020-01-31 12:43:31', '2020-01-31 12:30:57', '2020-01-31 13:11:32'),
	(5938, '600869758.441445', 1800, '2020-01-31 12:22:27', '2020-01-31 12:49:26', '2020-01-31 12:28:03', '2020-01-31 13:15:58'),
	(5939, '600870561.6691', 1150, '2020-01-31 12:21:13', '2020-01-31 13:00:44', '2020-01-31 12:26:30', '2020-01-31 13:29:21'),
	(5940, '600870903.281353', 1900, '2020-01-31 12:14:55', '2020-01-31 12:51:35', '2020-01-31 12:29:35', '2020-01-31 13:35:03'),
	(5941, '600871327.528164', 4500, '2020-01-31 12:30:45', '2020-01-31 13:05:35', '2020-01-31 12:43:14', '2020-01-31 13:42:07'),
	(5942, '600871391.933698', 1800, '2020-01-31 12:46:46', '2020-01-31 13:10:54', '2020-01-31 13:00:09', '2020-01-31 13:43:11'),
	(5943, '600871419.175344', 1400, '2020-01-31 12:30:37', '2020-01-31 13:11:49', '2020-01-31 12:45:07', '2020-01-31 13:43:39'),
	(5944, '600872253.350407', 1900, '2020-01-31 12:51:34', '2020-01-31 13:15:12', '2020-01-31 12:58:57', '2020-01-31 13:57:33'),
	(5945, '600872769.957914', 2500, '2020-01-31 13:20:22', '2020-01-31 13:44:57', '2020-01-31 13:28:45', '2020-01-31 14:06:09'),
	(5946, '600873533.144249', 2200, '2020-01-31 13:07:55', '2020-01-31 13:44:52', '2020-01-31 13:22:40', '2020-01-31 14:18:53'),
	(5947, '600873601.857066', 2000, '2020-01-31 13:02:28', '2020-01-31 13:43:34', '2020-01-31 13:16:08', '2020-01-31 14:20:01'),
	(5948, '600873638.619275', 1900, '2020-01-31 13:25:44', '2020-01-31 13:45:23', '2020-01-31 13:34:49', '2020-01-31 14:20:38'),
	(5949, '600875613.62526', 1700, '2020-01-31 14:11:40', '2020-01-31 14:31:40', '2020-01-31 14:21:06', '2020-01-31 14:53:33'),
	(5950, '600875819.865325', 2400, '2020-01-31 13:57:16', '2020-01-31 14:23:19', '2020-01-31 14:12:10', '2020-01-31 14:56:59'),
	(5958, '600954119.915123', 800, '2020-02-01 11:43:58', '2020-02-01 12:09:17', '2020-02-01 11:55:13', '2020-02-01 12:41:59'),
	(5959, '600954627.324362', 1850, '2020-02-01 11:34:33', '2020-02-01 12:07:58', '2020-02-01 11:41:04', '2020-02-01 12:50:27'),
	(5960, '600954792.786469', 1800, '2020-02-01 11:22:45', '2020-02-01 12:08:52', '2020-02-01 11:36:36', '2020-02-01 12:53:12'),
	(5961, '600956028.15004', 1700, '2020-02-01 12:14:14', '2020-02-01 12:49:33', '2020-02-01 12:28:55', '2020-02-01 13:13:48'),
	(5962, '600956549.378268', 1600, '2020-02-01 12:10:59', '2020-02-01 12:39:16', '2020-02-01 12:17:54', '2020-02-01 13:22:29'),
	(5963, '600956600.703522', 1800, '2020-02-01 12:19:32', '2020-02-01 12:59:59', '2020-02-01 12:25:03', '2020-02-01 13:23:20'),
	(5964, '600956708.921775', 1700, '2020-02-01 12:05:34', '2020-02-01 12:43:01', '2020-02-01 12:17:25', '2020-02-01 13:25:08'),
	(5965, '600957324.145589', 4650, '2020-02-01 12:53:55', '2020-02-01 13:14:52', '2020-02-01 13:01:38', '2020-02-01 13:35:24'),
	(5966, '600958124.505647', 1200, '2020-02-01 12:40:01', '2020-02-01 13:17:24', '2020-02-01 12:48:03', '2020-02-01 13:48:44'),
	(5967, '600958155.610712', 1050, '2020-02-01 12:50:07', '2020-02-01 13:24:12', '2020-02-01 13:02:07', '2020-02-01 13:49:15'),
	(5968, '600958195.576339', 1200, '2020-02-01 12:50:21', '2020-02-01 13:13:40', '2020-02-01 13:01:17', '2020-02-01 13:49:55'),
	(5969, '600958268.383432', 900, '2020-02-01 12:50:42', '2020-02-01 13:14:59', '2020-02-01 13:04:21', '2020-02-01 13:51:08'),
	(5970, '600958293.780465', 800, '2020-02-01 12:43:03', '2020-02-01 13:24:34', '2020-02-01 12:53:30', '2020-02-01 13:51:33'),
	(5971, '600958331.874765', 200, '2020-02-01 13:00:57', '2020-02-01 13:20:44', '2020-02-01 13:07:18', '2020-02-01 13:52:11'),
	(5972, '600958380.615426', 900, '2020-02-01 13:02:15', '2020-02-01 13:21:38', '2020-02-01 13:07:38', '2020-02-01 13:53:00'),
	(5973, '600958387.47432', 900, '2020-02-01 12:38:07', '2020-02-01 13:10:40', '2020-02-01 12:50:58', '2020-02-01 13:53:07'),
	(5974, '600958406.725279', 900, '2020-02-01 12:55:38', '2020-02-01 13:30:16', '2020-02-01 13:08:45', '2020-02-01 13:53:26'),
	(5975, '600958415.858954', 800, '2020-02-01 12:44:36', '2020-02-01 13:10:06', '2020-02-01 12:56:39', '2020-02-01 13:53:35'),
	(5976, '600959237.81266', 1800, '2020-02-01 13:15:41', '2020-02-01 13:39:20', '2020-02-01 13:21:36', '2020-02-01 14:07:17'),
	(5977, '600959702.314348', 4500, '2020-02-01 13:13:56', '2020-02-01 13:35:44', '2020-02-01 13:22:24', '2020-02-01 14:15:02'),
	(5978, '600959896.672112', 1150, '2020-02-01 12:57:37', '2020-02-01 13:35:38', '2020-02-01 13:07:10', '2020-02-01 14:18:16'),
	(5979, '600959921.186157', 3000, '2020-02-01 13:28:40', '2020-02-01 13:53:24', '2020-02-01 13:36:02', '2020-02-01 14:18:41'),
	(5980, '600960358.931164', 2700, '2020-02-01 13:27:47', '2020-02-01 13:57:26', '2020-02-01 13:40:58', '2020-02-01 14:25:58'),
	(5981, '600960583.784094', 1950, '2020-02-01 13:38:54', '2020-02-01 14:07:54', '2020-02-01 13:47:43', '2020-02-01 14:29:43'),
	(5982, '600961211.094906', 4250, '2020-02-01 13:45:35', '2020-02-01 14:11:40', '2020-02-01 13:55:07', '2020-02-01 14:40:11'),
	(5983, '600961275.815525', 100, '2020-02-01 13:50:40', '2020-02-01 14:09:05', '2020-02-01 13:56:54', '2020-02-01 14:41:15'),
	(5984, '600962336.070563', 1800, '2020-02-01 13:54:47', '2020-02-01 14:28:41', '2020-02-01 14:02:24', '2020-02-01 14:58:56'),
	(5985, '600963213.245619', 3000, '2020-02-01 13:49:34', '2020-02-01 14:38:48', '2020-02-01 14:03:55', '2020-02-01 15:13:33'),
	(5986, '600963852.925039', 5250, '2020-02-01 14:21:42', '2020-02-01 14:46:12', '2020-02-01 14:35:37', '2020-02-01 15:24:12'),
	(5987, '600964087.328518', 1700, '2020-02-01 14:22:35', '2020-02-01 14:47:22', '2020-02-01 14:34:07', '2020-02-01 15:28:07'),
	(6008, '601214634.241636', 900, '2020-02-04 11:43:44', '2020-02-04 12:19:10', '2020-02-04 11:54:39', '2020-02-04 13:03:54'),
	(6009, '601214833.512316', 2300, '2020-02-04 11:57:56', '2020-02-04 12:35:44', '2020-02-04 12:12:55', '2020-02-04 13:07:13'),
	(6010, '601215141.023966', 2550, '2020-02-04 12:06:25', '2020-02-04 12:44:10', '2020-02-04 12:13:36', '2020-02-04 13:12:21'),
	(6011, '601215216.695272', 2000, '2020-02-04 12:16:44', '2020-02-04 12:47:07', '2020-02-04 12:22:43', '2020-02-04 13:13:36'),
	(6012, '601215244.240505', 1300, '2020-02-04 12:12:30', '2020-02-04 12:46:10', '2020-02-04 12:25:52', '2020-02-04 13:14:04'),
	(6013, '601215276.28632', 900, '2020-02-04 12:02:19', '2020-02-04 12:34:33', '2020-02-04 12:16:13', '2020-02-04 13:14:36'),
	(6014, '601215405.518355', 1200, '2020-02-04 12:20:02', '2020-02-04 12:55:10', '2020-02-04 12:34:24', '2020-02-04 13:16:45'),
	(6015, '601215418.728233', 1000, '2020-02-04 12:15:16', '2020-02-04 12:34:15', '2020-02-04 12:20:27', '2020-02-04 13:16:58'),
	(6016, '601216388.362904', 2300, '2020-02-04 12:34:39', '2020-02-04 13:04:14', '2020-02-04 12:42:30', '2020-02-04 13:33:08'),
	(6017, '601216563.780616', 1600, '2020-02-04 12:33:45', '2020-02-04 13:14:43', '2020-02-04 12:42:25', '2020-02-04 13:36:03'),
	(6018, '601216635.074677', 1400, '2020-02-04 12:46:09', '2020-02-04 13:12:16', '2020-02-04 13:00:59', '2020-02-04 13:37:15'),
	(6019, '601217612.409503', 2150, '2020-02-04 12:34:57', '2020-02-04 13:12:38', '2020-02-04 12:48:06', '2020-02-04 13:53:32'),
	(6020, '601217631.684324', 750, '2020-02-04 12:44:12', '2020-02-04 13:19:17', '2020-02-04 12:50:28', '2020-02-04 13:53:51'),
	(6021, '601217790.035642', 2300, '2020-02-04 13:09:01', '2020-02-04 13:26:22', '2020-02-04 13:15:53', '2020-02-04 13:56:30'),
	(6022, '601217832.018743', 2900, '2020-02-04 12:48:39', '2020-02-04 13:30:11', '2020-02-04 12:59:14', '2020-02-04 13:57:12'),
	(6023, '601217977.638039', 2500, '2020-02-04 13:14:20', '2020-02-04 13:34:58', '2020-02-04 13:21:37', '2020-02-04 13:59:37'),
	(6024, '601218658.302127', 2100, '2020-02-04 13:25:08', '2020-02-04 13:48:44', '2020-02-04 13:34:50', '2020-02-04 14:10:58'),
	(6025, '601218758.340162', 2300, '2020-02-04 12:59:17', '2020-02-04 13:30:24', '2020-02-04 13:10:55', '2020-02-04 14:12:38'),
	(6026, '601219679.342112', 800, '2020-02-04 13:28:45', '2020-02-04 14:03:31', '2020-02-04 13:42:51', '2020-02-04 14:27:59'),
	(6027, '601219827.689479', 4450, '2020-02-04 13:19:20', '2020-02-04 14:04:50', '2020-02-04 13:29:54', '2020-02-04 14:30:27'),
	(6028, '601220143.101451', 900, '2020-02-04 13:27:44', '2020-02-04 14:01:01', '2020-02-04 13:33:19', '2020-02-04 14:35:43'),
	(6029, '601220481.473996', 2150, '2020-02-04 13:39:48', '2020-02-04 14:14:43', '2020-02-04 13:51:02', '2020-02-04 14:41:21'),
	(6030, '601220549.540504', 2100, '2020-02-04 13:28:39', '2020-02-04 14:08:23', '2020-02-04 13:43:05', '2020-02-04 14:42:29'),
	(6031, '601221643.491876', 1700, '2020-02-04 14:06:11', '2020-02-04 14:40:08', '2020-02-04 14:19:40', '2020-02-04 15:00:43'),
	(6032, '601222327.126292', 3000, '2020-02-04 14:15:59', '2020-02-04 14:41:29', '2020-02-04 14:25:04', '2020-02-04 15:12:07'),
	(6033, '601292735.786187', 75, '2020-02-05 10:03:26', '2020-02-05 10:24:08', '2020-02-05 10:13:24', '2020-02-05 10:45:35'),
	(6034, '601292769.215182', 89, '2020-02-05 09:58:47', '2020-02-05 10:25:48', '2020-02-05 10:06:22', '2020-02-05 10:46:09'),
	(6035, '601301804.967736', 1800, '2020-02-05 11:51:17', '2020-02-05 12:34:19', '2020-02-05 12:04:21', '2020-02-05 13:16:44'),
	(6036, '601301879.022038', 4600, '2020-02-05 12:07:54', '2020-02-05 12:46:58', '2020-02-05 12:15:27', '2020-02-05 13:17:59'),
	(6037, '601302314.590976', 3300, '2020-02-05 12:06:08', '2020-02-05 12:52:22', '2020-02-05 12:19:41', '2020-02-05 13:25:14'),
	(6038, '601302461.882082', 5300, '2020-02-05 12:17:26', '2020-02-05 13:01:24', '2020-02-05 12:27:31', '2020-02-05 13:27:41'),
	(6039, '601302507.931849', 3200, '2020-02-05 12:24:26', '2020-02-05 12:50:39', '2020-02-05 12:39:16', '2020-02-05 13:28:27'),
	(6040, '601303317.738237', 2300, '2020-02-05 12:32:33', '2020-02-05 13:01:45', '2020-02-05 12:41:28', '2020-02-05 13:41:57'),
	(6041, '601303369.208936', 1900, '2020-02-05 12:22:54', '2020-02-05 13:00:14', '2020-02-05 12:28:00', '2020-02-05 13:42:49'),
	(6042, '601303553.037841', 900, '2020-02-05 12:54:27', '2020-02-05 13:23:34', '2020-02-05 13:08:13', '2020-02-05 13:45:53'),
	(6043, '601304139.829031', 800, '2020-02-05 12:48:14', '2020-02-05 13:16:50', '2020-02-05 12:56:47', '2020-02-05 13:55:39'),
	(6044, '601304349.414776', 2200, '2020-02-05 13:01:17', '2020-02-05 13:26:57', '2020-02-05 13:07:44', '2020-02-05 13:59:09'),
	(6045, '601304427.966946', 1050, '2020-02-05 12:58:26', '2020-02-05 13:35:56', '2020-02-05 13:10:01', '2020-02-05 14:00:27'),
	(6046, '601304731.486766', 1000, '2020-02-05 13:09:03', '2020-02-05 13:34:31', '2020-02-05 13:22:36', '2020-02-05 14:05:31'),
	(6047, '601304748.051035', 0, '2020-02-05 12:59:23', '2020-02-05 13:29:21', '2020-02-05 13:07:27', '2020-02-05 14:05:48'),
	(6048, '601304809.486978', 1200, '2020-02-05 12:54:05', '2020-02-05 13:22:31', '2020-02-05 13:08:45', '2020-02-05 14:06:49'),
	(6049, '601304854.159324', 1200, '2020-02-05 12:53:12', '2020-02-05 13:25:26', '2020-02-05 13:07:20', '2020-02-05 14:07:34'),
	(6050, '601304865.565505', 1000, '2020-02-05 13:09:01', '2020-02-05 13:34:57', '2020-02-05 13:20:43', '2020-02-05 14:07:45'),
	(6051, '601305936.307421', 2050, '2020-02-05 13:00:04', '2020-02-05 13:43:00', '2020-02-05 13:11:10', '2020-02-05 14:25:36'),
	(6052, '601306019.108404', 1550, '2020-02-05 13:05:25', '2020-02-05 13:42:21', '2020-02-05 13:10:51', '2020-02-05 14:26:59'),
	(6053, '601306033.21722', 1000, '2020-02-05 13:25:59', '2020-02-05 14:01:51', '2020-02-05 13:34:49', '2020-02-05 14:27:13'),
	(6054, '601306077.841015', 2250, '2020-02-05 13:21:32', '2020-02-05 14:05:03', '2020-02-05 13:34:25', '2020-02-05 14:27:57'),
	(6055, '601306702.597689', 1050, '2020-02-05 13:29:56', '2020-02-05 13:54:55', '2020-02-05 13:42:51', '2020-02-05 14:38:22'),
	(6056, '601306961.854652', 900, '2020-02-05 13:29:39', '2020-02-05 14:14:06', '2020-02-05 13:40:37', '2020-02-05 14:42:41'),
	(6057, '601306999.06493', 900, '2020-02-05 13:28:30', '2020-02-05 14:00:47', '2020-02-05 13:39:35', '2020-02-05 14:43:19'),
	(6058, '601307028.253178', 900, '2020-02-05 13:43:48', '2020-02-05 14:11:51', '2020-02-05 13:51:19', '2020-02-05 14:43:48'),
	(6059, '601307077.372719', 900, '2020-02-05 13:29:05', '2020-02-05 14:07:30', '2020-02-05 13:38:25', '2020-02-05 14:44:37'),
	(6060, '601307332.134359', 1050, '2020-02-05 13:31:07', '2020-02-05 14:04:06', '2020-02-05 13:40:14', '2020-02-05 14:48:52'),
	(6061, '601307997.579181', 2300, '2020-02-05 13:42:51', '2020-02-05 14:17:28', '2020-02-05 13:55:26', '2020-02-05 14:59:57'),
	(6062, '601387035.178566', 1050, '2020-02-06 11:44:55', '2020-02-06 12:24:08', '2020-02-06 11:55:32', '2020-02-06 12:57:15'),
	(6063, '601387121.709048', 1150, '2020-02-06 11:48:16', '2020-02-06 12:15:32', '2020-02-06 11:58:37', '2020-02-06 12:58:41'),
	(6064, '601387783.514689', 900, '2020-02-06 12:19:39', '2020-02-06 12:48:20', '2020-02-06 12:34:32', '2020-02-06 13:09:43'),
	(6065, '601388794.990168', 700, '2020-02-06 12:12:27', '2020-02-06 12:54:04', '2020-02-06 12:20:50', '2020-02-06 13:26:34'),
	(6066, '601389324.993475', 1800, '2020-02-06 12:40:03', '2020-02-06 13:07:05', '2020-02-06 12:52:17', '2020-02-06 13:35:24'),
	(6067, '601390557.488347', 2000, '2020-02-06 13:06:26', '2020-02-06 13:31:50', '2020-02-06 13:17:30', '2020-02-06 13:55:57'),
	(6068, '601390881.590476', 2400, '2020-02-06 12:49:46', '2020-02-06 13:20:40', '2020-02-06 13:03:26', '2020-02-06 14:01:21'),
	(6069, '601391199.854846', 2500, '2020-02-06 12:47:20', '2020-02-06 13:30:38', '2020-02-06 12:57:25', '2020-02-06 14:06:39'),
	(6070, '601391905.074974', 2250, '2020-02-06 12:56:33', '2020-02-06 13:40:22', '2020-02-06 13:11:00', '2020-02-06 14:18:25'),
	(6071, '601391923.433083', 2000, '2020-02-06 13:22:18', '2020-02-06 13:41:28', '2020-02-06 13:29:16', '2020-02-06 14:18:43'),
	(6072, '601392234.310699', 2500, '2020-02-06 13:37:24', '2020-02-06 13:56:51', '2020-02-06 13:43:57', '2020-02-06 14:23:54'),
	(6073, '601392818.388986', 1600, '2020-02-06 13:40:23', '2020-02-06 14:05:06', '2020-02-06 13:47:13', '2020-02-06 14:33:38'),
	(6074, '601393456.53443', 3600, '2020-02-06 13:37:23', '2020-02-06 14:02:42', '2020-02-06 13:46:56', '2020-02-06 14:44:16'),
	(6075, '601393519.296605', 900, '2020-02-06 13:50:41', '2020-02-06 14:18:08', '2020-02-06 14:02:58', '2020-02-06 14:45:19'),
	(6076, '601394690.775486', 1600, '2020-02-06 13:57:19', '2020-02-06 14:23:37', '2020-02-06 14:05:03', '2020-02-06 15:04:50'),
	(6077, '601394714.03539', 1050, '2020-02-06 14:16:29', '2020-02-06 14:35:38', '2020-02-06 14:23:17', '2020-02-06 15:05:14'),
	(6078, '601394773.324201', 1050, '2020-02-06 14:10:04', '2020-02-06 14:36:55', '2020-02-06 14:15:54', '2020-02-06 15:06:13'),
	(6079, '601394872.575304', 1000, '2020-02-06 13:43:16', '2020-02-06 14:30:08', '2020-02-06 13:57:04', '2020-02-06 15:07:52'),
	(6080, '601473490.531638', 800, '2020-02-07 12:03:36', '2020-02-07 12:27:23', '2020-02-07 12:10:07', '2020-02-07 12:58:10'),
	(6081, '601473952.673616', 2700, '2020-02-07 12:11:49', '2020-02-07 12:45:11', '2020-02-07 12:18:01', '2020-02-07 13:05:52'),
	(6082, '601474061.326746', 900, '2020-02-07 11:56:04', '2020-02-07 12:26:34', '2020-02-07 12:02:32', '2020-02-07 13:07:41'),
	(6083, '601474152.161505', 700, '2020-02-07 12:08:18', '2020-02-07 12:45:42', '2020-02-07 12:17:00', '2020-02-07 13:09:12'),
	(6084, '601474598.28485', 2800, '2020-02-07 12:31:56', '2020-02-07 12:52:28', '2020-02-07 12:41:03', '2020-02-07 13:16:38'),
	(6085, '601474710.168072', 2050, '2020-02-07 12:22:44', '2020-02-07 12:48:09', '2020-02-07 12:37:12', '2020-02-07 13:18:30'),
	(6086, '601474755.915551', 1200, '2020-02-07 12:24:29', '2020-02-07 12:45:01', '2020-02-07 12:34:31', '2020-02-07 13:19:15'),
	(6087, '601474783.785796', 1000, '2020-02-07 11:58:08', '2020-02-07 12:44:35', '2020-02-07 12:09:55', '2020-02-07 13:19:43'),
	(6088, '601477229.235703', 1040, '2020-02-07 12:46:52', '2020-02-07 13:32:32', '2020-02-07 13:00:42', '2020-02-07 14:00:29'),
	(6089, '601477257.926309', 1040, '2020-02-07 12:52:33', '2020-02-07 13:21:33', '2020-02-07 13:01:21', '2020-02-07 14:00:57'),
	(6090, '601477414.246803', 1100, '2020-02-07 12:52:23', '2020-02-07 13:20:24', '2020-02-07 12:59:55', '2020-02-07 14:03:34'),
	(6091, '601477450.334394', 1100, '2020-02-07 12:58:23', '2020-02-07 13:36:30', '2020-02-07 13:04:39', '2020-02-07 14:04:10'),
	(6092, '601477731.36258', 3300, '2020-02-07 13:03:34', '2020-02-07 13:30:04', '2020-02-07 13:17:18', '2020-02-07 14:08:51'),
	(6093, '601477832.14047', 1800, '2020-02-07 12:41:22', '2020-02-07 13:29:35', '2020-02-07 12:56:16', '2020-02-07 14:10:32'),
	(6094, '601477913.657251', 850, '2020-02-07 13:01:53', '2020-02-07 13:28:28', '2020-02-07 13:10:12', '2020-02-07 14:11:53'),
	(6095, '601477923.262374', 900, '2020-02-07 13:04:33', '2020-02-07 13:47:50', '2020-02-07 13:16:26', '2020-02-07 14:12:03'),
	(6096, '601477954.609755', 1200, '2020-02-07 13:25:00', '2020-02-07 13:51:42', '2020-02-07 13:34:27', '2020-02-07 14:12:34'),
	(6097, '601478001.530708', 1200, '2020-02-07 12:58:00', '2020-02-07 13:36:40', '2020-02-07 13:04:39', '2020-02-07 14:13:21'),
	(6098, '601478031.633674', 1200, '2020-02-07 13:14:47', '2020-02-07 13:48:03', '2020-02-07 13:24:40', '2020-02-07 14:13:51'),
	(6099, '601478083.564513', 1200, '2020-02-07 13:25:22', '2020-02-07 13:50:43', '2020-02-07 13:39:52', '2020-02-07 14:14:43'),
	(6100, '601478166.370694', 900, '2020-02-07 13:21:29', '2020-02-07 13:53:30', '2020-02-07 13:29:22', '2020-02-07 14:16:06'),
	(6101, '601478681.404998', 3800, '2020-02-07 13:24:39', '2020-02-07 14:03:39', '2020-02-07 13:35:31', '2020-02-07 14:24:41'),
	(6102, '601479092.701704', 2900, '2020-02-07 13:10:13', '2020-02-07 13:49:11', '2020-02-07 13:15:56', '2020-02-07 14:31:32'),
	(6103, '601479341.334623', 1600, '2020-02-07 13:34:08', '2020-02-07 14:07:01', '2020-02-07 13:45:08', '2020-02-07 14:35:41'),
	(6104, '601481237.024754', 2150, '2020-02-07 14:08:25', '2020-02-07 14:45:58', '2020-02-07 14:21:18', '2020-02-07 15:07:17'),
	(6105, '601481256.645574', 4700, '2020-02-07 14:12:57', '2020-02-07 14:42:02', '2020-02-07 14:19:22', '2020-02-07 15:07:36'),
	(6106, '601481831.734329', 900, '2020-02-07 13:55:33', '2020-02-07 14:33:18', '2020-02-07 14:03:58', '2020-02-07 15:17:11'),
	(6107, '601481850.774184', 900, '2020-02-07 14:28:11', '2020-02-07 14:54:44', '2020-02-07 14:36:01', '2020-02-07 15:17:30'),
	(6108, '601481876.412865', 900, '2020-02-07 14:11:12', '2020-02-07 14:40:47', '2020-02-07 14:20:10', '2020-02-07 15:17:56'),
	(6109, '601481889.503093', 900, '2020-02-07 14:37:29', '2020-02-07 14:55:42', '2020-02-07 14:43:49', '2020-02-07 15:18:09'),
	(6119, '601558308.024227', 800, '2020-02-08 11:38:37', '2020-02-08 12:00:59', '2020-02-08 11:48:25', '2020-02-08 12:31:48'),
	(6120, '601559263.023202', 1600, '2020-02-08 11:33:48', '2020-02-08 12:05:59', '2020-02-08 11:48:47', '2020-02-08 12:47:43'),
	(6121, '601559422.468812', 900, '2020-02-08 12:05:15', '2020-02-08 12:29:07', '2020-02-08 12:15:48', '2020-02-08 12:50:22'),
	(6122, '601559478.996954', 900, '2020-02-08 11:32:28', '2020-02-08 12:15:15', '2020-02-08 11:45:14', '2020-02-08 12:51:18'),
	(6123, '601559823.811001', 1800, '2020-02-08 12:03:13', '2020-02-08 12:35:33', '2020-02-08 12:10:25', '2020-02-08 12:57:03'),
	(6124, '601560600.345232', 900, '2020-02-08 12:02:16', '2020-02-08 12:40:37', '2020-02-08 12:15:01', '2020-02-08 13:10:00'),
	(6125, '601561233.691914', 1800, '2020-02-08 12:18:24', '2020-02-08 12:43:08', '2020-02-08 12:25:31', '2020-02-08 13:20:33'),
	(6126, '601561467.202425', 1000, '2020-02-08 12:16:53', '2020-02-08 12:55:32', '2020-02-08 12:29:14', '2020-02-08 13:24:27'),
	(6127, '601561512.798423', 1150, '2020-02-08 12:23:46', '2020-02-08 12:47:50', '2020-02-08 12:29:12', '2020-02-08 13:25:12'),
	(6128, '601561552.920689', 1050, '2020-02-08 12:21:24', '2020-02-08 12:55:46', '2020-02-08 12:26:30', '2020-02-08 13:25:52'),
	(6129, '601561575.669248', 1050, '2020-02-08 11:58:07', '2020-02-08 12:42:50', '2020-02-08 12:12:21', '2020-02-08 13:26:15'),
	(6130, '601561641.141982', 1450, '2020-02-08 12:15:05', '2020-02-08 12:55:34', '2020-02-08 12:25:59', '2020-02-08 13:27:21'),
	(6131, '601561694.501389', 1350, '2020-02-08 12:26:20', '2020-02-08 12:54:34', '2020-02-08 12:33:05', '2020-02-08 13:28:14'),
	(6132, '601561761.866413', 1350, '2020-02-08 12:21:34', '2020-02-08 13:01:23', '2020-02-08 12:27:41', '2020-02-08 13:29:21'),
	(6133, '601562219.259266', 0, '2020-02-08 12:28:46', '2020-02-08 12:53:06', '2020-02-08 12:34:03', '2020-02-08 13:36:59'),
	(6134, '601562250.591169', 1000, '2020-02-08 12:09:44', '2020-02-08 12:57:01', '2020-02-08 12:22:51', '2020-02-08 13:37:30'),
	(6135, '601562317.443494', 900, '2020-02-08 12:29:24', '2020-02-08 13:12:48', '2020-02-08 12:44:08', '2020-02-08 13:38:37'),
	(6136, '601562391.191827', 1550, '2020-02-08 12:22:06', '2020-02-08 13:02:15', '2020-02-08 12:31:24', '2020-02-08 13:39:51'),
	(6137, '601562421.442448', 1200, '2020-02-08 12:19:10', '2020-02-08 12:59:45', '2020-02-08 12:26:29', '2020-02-08 13:40:21'),
	(6138, '601563165.090598', 600, '2020-02-08 13:05:05', '2020-02-08 13:32:35', '2020-02-08 13:18:47', '2020-02-08 13:52:45'),
	(6139, '601563183.89537', 800, '2020-02-08 12:33:11', '2020-02-08 13:18:59', '2020-02-08 12:44:45', '2020-02-08 13:53:03'),
	(6140, '601563365.832655', 2500, '2020-02-08 12:44:45', '2020-02-08 13:16:15', '2020-02-08 12:56:30', '2020-02-08 13:56:05'),
	(6141, '601563453.074669', 3400, '2020-02-08 13:10:29', '2020-02-08 13:30:35', '2020-02-08 13:19:32', '2020-02-08 13:57:33'),
	(6142, '601563494.380499', 1800, '2020-02-08 13:21:52', '2020-02-08 13:37:54', '2020-02-08 13:26:54', '2020-02-08 13:58:14'),
	(6143, '601564109.682798', 1700, '2020-02-08 13:17:52', '2020-02-08 13:42:41', '2020-02-08 13:30:50', '2020-02-08 14:08:29'),
	(6144, '601564680.792377', 900, '2020-02-08 13:23:57', '2020-02-08 13:55:01', '2020-02-08 13:38:45', '2020-02-08 14:18:00'),
	(6145, '601565133.267868', 1800, '2020-02-08 13:22:07', '2020-02-08 13:43:02', '2020-02-08 13:32:12', '2020-02-08 14:25:33'),
	(6146, '601565835.344791', 800, '2020-02-08 13:42:14', '2020-02-08 14:13:36', '2020-02-08 13:53:16', '2020-02-08 14:37:15'),
	(6147, '601565917.067258', 2100, '2020-02-08 13:33:50', '2020-02-08 14:17:54', '2020-02-08 13:43:45', '2020-02-08 14:38:37'),
	(6148, '601566042.993295', 3100, '2020-02-08 13:26:45', '2020-02-08 14:03:03', '2020-02-08 13:38:14', '2020-02-08 14:40:42'),
	(6149, '601566963.905562', 3350, '2020-02-08 14:00:38', '2020-02-08 14:24:58', '2020-02-08 14:13:21', '2020-02-08 14:56:03'),
	(6150, '601567572.261145', 6950, '2020-02-08 14:06:00', '2020-02-08 14:43:44', '2020-02-08 14:20:07', '2020-02-08 15:06:12'),
	(6171, '601817735.265298', 800, '2020-02-11 11:40:46', '2020-02-11 12:11:28', '2020-02-11 11:48:13', '2020-02-11 12:35:35'),
	(6172, '601818148.14167', 1200, '2020-02-11 11:49:01', '2020-02-11 12:09:19', '2020-02-11 11:58:55', '2020-02-11 12:42:28'),
	(6173, '601818984.928735', 1700, '2020-02-11 11:58:31', '2020-02-11 12:32:56', '2020-02-11 12:10:40', '2020-02-11 12:56:24'),
	(6174, '601819088.931193', 1000, '2020-02-11 12:09:04', '2020-02-11 12:35:16', '2020-02-11 12:15:09', '2020-02-11 12:58:08'),
	(6175, '601820451.331643', 1800, '2020-02-11 12:24:09', '2020-02-11 12:56:55', '2020-02-11 12:33:05', '2020-02-11 13:20:51'),
	(6176, '601821058.059644', 5100, '2020-02-11 12:24:41', '2020-02-11 12:59:55', '2020-02-11 12:36:07', '2020-02-11 13:30:58'),
	(6177, '601821567.013747', 1800, '2020-02-11 12:43:05', '2020-02-11 13:00:58', '2020-02-11 12:48:29', '2020-02-11 13:39:27'),
	(6178, '601821680.167503', 2000, '2020-02-11 12:33:20', '2020-02-11 13:12:04', '2020-02-11 12:41:02', '2020-02-11 13:41:20'),
	(6179, '601821857.715723', 1250, '2020-02-11 12:28:19', '2020-02-11 13:08:23', '2020-02-11 12:35:39', '2020-02-11 13:44:17'),
	(6180, '601822164.672939', 750, '2020-02-11 13:08:33', '2020-02-11 13:27:43', '2020-02-11 13:17:08', '2020-02-11 13:49:24'),
	(6181, '601822174.942636', 1000, '2020-02-11 12:53:12', '2020-02-11 13:18:48', '2020-02-11 12:59:06', '2020-02-11 13:49:34'),
	(6182, '601822226.464026', 1000, '2020-02-11 12:26:07', '2020-02-11 13:06:38', '2020-02-11 12:34:51', '2020-02-11 13:50:26'),
	(6183, '601822358.276004', 900, '2020-02-11 12:55:10', '2020-02-11 13:20:58', '2020-02-11 13:06:09', '2020-02-11 13:52:38'),
	(6184, '601822490.033962', 1800, '2020-02-11 12:50:26', '2020-02-11 13:22:53', '2020-02-11 13:04:11', '2020-02-11 13:54:50'),
	(6185, '601822933.271253', 1150, '2020-02-11 12:52:33', '2020-02-11 13:17:27', '2020-02-11 13:03:20', '2020-02-11 14:02:13'),
	(6186, '601823031.959683', 700, '2020-02-11 12:53:41', '2020-02-11 13:30:52', '2020-02-11 13:01:23', '2020-02-11 14:03:51'),
	(6187, '601824097.744013', 1050, '2020-02-11 13:14:44', '2020-02-11 13:45:59', '2020-02-11 13:25:53', '2020-02-11 14:21:37'),
	(6188, '601824269.258693', 1000, '2020-02-11 13:15:35', '2020-02-11 13:50:15', '2020-02-11 13:23:14', '2020-02-11 14:24:29'),
	(6189, '601824709.484793', 2000, '2020-02-11 13:22:54', '2020-02-11 13:47:31', '2020-02-11 13:32:41', '2020-02-11 14:31:49'),
	(6190, '601825481.369282', 1350, '2020-02-11 13:36:50', '2020-02-11 14:20:56', '2020-02-11 13:47:50', '2020-02-11 14:44:41'),
	(6191, '601825506.984431', 1350, '2020-02-11 13:42:35', '2020-02-11 14:04:13', '2020-02-11 13:53:13', '2020-02-11 14:45:06'),
	(6192, '601825536.992412', 1150, '2020-02-11 13:41:31', '2020-02-11 14:07:25', '2020-02-11 13:46:44', '2020-02-11 14:45:36'),
	(6193, '601826744.391601', 4100, '2020-02-11 14:22:53', '2020-02-11 14:42:29', '2020-02-11 14:32:02', '2020-02-11 15:05:44'),
	(6194, '601905059.950949', 800, '2020-02-12 11:43:59', '2020-02-12 12:19:16', '2020-02-12 11:49:05', '2020-02-12 12:50:59'),
	(6195, '601905441.296102', 1050, '2020-02-12 11:25:52', '2020-02-12 12:13:30', '2020-02-12 11:38:55', '2020-02-12 12:57:21'),
	(6196, '601906089.062851', 900, '2020-02-12 12:11:41', '2020-02-12 12:39:03', '2020-02-12 12:16:41', '2020-02-12 13:08:09'),
	(6197, '601907008.543856', 450, '2020-02-12 12:05:34', '2020-02-12 12:39:29', '2020-02-12 12:16:24', '2020-02-12 13:23:28'),
	(6198, '601907567.635563', 2000, '2020-02-12 12:27:39', '2020-02-12 12:55:09', '2020-02-12 12:41:48', '2020-02-12 13:32:47'),
	(6199, '601908250.764107', 2000, '2020-02-12 12:42:08', '2020-02-12 13:07:58', '2020-02-12 12:55:26', '2020-02-12 13:44:10'),
	(6200, '601908363.10693', 2300, '2020-02-12 13:01:18', '2020-02-12 13:22:56', '2020-02-12 13:10:20', '2020-02-12 13:46:03'),
	(6201, '601908377.607846', 1800, '2020-02-12 12:43:39', '2020-02-12 13:09:16', '2020-02-12 12:53:54', '2020-02-12 13:46:17'),
	(6202, '601909354.908251', 1100, '2020-02-12 13:03:36', '2020-02-12 13:41:52', '2020-02-12 13:12:46', '2020-02-12 14:02:34'),
	(6203, '601909374.745684', 800, '2020-02-12 13:15:51', '2020-02-12 13:40:24', '2020-02-12 13:25:59', '2020-02-12 14:02:54'),
	(6204, '601909908.690074', 1250, '2020-02-12 13:08:30', '2020-02-12 13:41:26', '2020-02-12 13:16:40', '2020-02-12 14:11:48'),
	(6205, '601910089.818166', 1150, '2020-02-12 13:09:30', '2020-02-12 13:35:28', '2020-02-12 13:14:54', '2020-02-12 14:14:49'),
	(6206, '601910096.513832', 1150, '2020-02-12 13:13:08', '2020-02-12 13:39:16', '2020-02-12 13:20:41', '2020-02-12 14:14:56'),
	(6207, '601910500.35556', 800, '2020-02-12 13:13:38', '2020-02-12 13:41:22', '2020-02-12 13:20:09', '2020-02-12 14:21:40'),
	(6208, '601980895.309947', 21600, '2020-02-13 09:00:07', '2020-02-13 09:30:24', '2020-02-13 09:15:03', '2020-02-13 09:54:55'),
	(6209, '601980981.328731', 7300, '2020-02-13 08:46:25', '2020-02-13 09:24:40', '2020-02-13 08:56:33', '2020-02-13 09:56:21'),
	(6210, '601981009.196357', 3400, '2020-02-13 08:31:29', '2020-02-13 09:16:55', '2020-02-13 08:42:22', '2020-02-13 09:56:49'),
	(6211, '601981033.16322', 2900, '2020-02-13 08:45:26', '2020-02-13 09:22:49', '2020-02-13 08:54:26', '2020-02-13 09:57:13'),
	(6212, '601981148.288829', 1000, '2020-02-13 08:51:06', '2020-02-13 09:26:46', '2020-02-13 08:58:29', '2020-02-13 09:59:08'),
	(6213, '601993159.781839', 800, '2020-02-13 12:04:32', '2020-02-13 12:40:41', '2020-02-13 12:19:26', '2020-02-13 13:19:19'),
	(6214, '601993896.669859', 1500, '2020-02-13 12:46:42', '2020-02-13 13:05:31', '2020-02-13 12:54:06', '2020-02-13 13:31:36'),
	(6215, '601994224.151208', 2200, '2020-02-13 12:11:54', '2020-02-13 12:52:31', '2020-02-13 12:19:11', '2020-02-13 13:37:04'),
	(6216, '601994244.853817', 2500, '2020-02-13 12:41:15', '2020-02-13 13:12:56', '2020-02-13 12:50:31', '2020-02-13 13:37:24'),
	(6217, '601994300.626484', 3400, '2020-02-13 12:18:05', '2020-02-13 12:54:36', '2020-02-13 12:27:31', '2020-02-13 13:38:20'),
	(6218, '601994435.791264', 2100, '2020-02-13 12:27:42', '2020-02-13 13:15:20', '2020-02-13 12:42:08', '2020-02-13 13:40:35'),
	(6219, '601994833.65199', 2800, '2020-02-13 12:48:36', '2020-02-13 13:22:11', '2020-02-13 12:57:26', '2020-02-13 13:47:13'),
	(6220, '601995197.063267', 1050, '2020-02-13 13:03:48', '2020-02-13 13:23:52', '2020-02-13 13:09:41', '2020-02-13 13:53:17'),
	(6221, '601995778.127543', 2550, '2020-02-13 13:16:23', '2020-02-13 13:35:58', '2020-02-13 13:24:20', '2020-02-13 14:02:58'),
	(6222, '601996305.427869', 1800, '2020-02-13 13:07:15', '2020-02-13 13:45:00', '2020-02-13 13:14:22', '2020-02-13 14:11:45'),
	(6223, '601996527.64184', 3000, '2020-02-13 13:02:42', '2020-02-13 13:42:43', '2020-02-13 13:09:27', '2020-02-13 14:15:27'),
	(6224, '601996776.877403', 900, '2020-02-13 13:19:19', '2020-02-13 13:41:09', '2020-02-13 13:26:41', '2020-02-13 14:19:36'),
	(6225, '601996784.906703', 900, '2020-02-13 13:31:30', '2020-02-13 13:55:40', '2020-02-13 13:43:07', '2020-02-13 14:19:44'),
	(6226, '601996976.662098', 1900, '2020-02-13 13:02:34', '2020-02-13 13:47:55', '2020-02-13 13:13:34', '2020-02-13 14:22:56'),
	(6227, '601997031.451549', 900, '2020-02-13 13:21:47', '2020-02-13 13:50:59', '2020-02-13 13:26:54', '2020-02-13 14:23:51'),
	(6228, '601997045.153654', 900, '2020-02-13 13:04:43', '2020-02-13 13:44:47', '2020-02-13 13:12:21', '2020-02-13 14:24:05'),
	(6229, '601997071.173676', 1800, '2020-02-13 13:18:56', '2020-02-13 13:56:37', '2020-02-13 13:26:45', '2020-02-13 14:24:31'),
	(6230, '601997562.91053', 1600, '2020-02-13 13:37:55', '2020-02-13 14:06:06', '2020-02-13 13:49:04', '2020-02-13 14:32:42'),
	(6231, '602077586.983436', 800, '2020-02-14 11:59:08', '2020-02-14 12:17:06', '2020-02-14 12:06:30', '2020-02-14 12:46:26'),
	(6232, '602078521.025525', 1050, '2020-02-14 12:14:57', '2020-02-14 12:40:11', '2020-02-14 12:23:17', '2020-02-14 13:02:01'),
	(6233, '602078577.384301', 1150, '2020-02-14 12:04:26', '2020-02-14 12:36:44', '2020-02-14 12:19:03', '2020-02-14 13:02:57'),
	(6234, '602078744.861934', 3850, '2020-02-14 12:04:18', '2020-02-14 12:45:09', '2020-02-14 12:17:24', '2020-02-14 13:05:44'),
	(6235, '602079061.927473', 1150, '2020-02-14 12:09:28', '2020-02-14 12:41:46', '2020-02-14 12:16:05', '2020-02-14 13:11:01'),
	(6236, '602080119.699195', 3700, '2020-02-14 12:30:07', '2020-02-14 12:49:07', '2020-02-14 12:38:55', '2020-02-14 13:28:39'),
	(6237, '602080236.125084', 800, '2020-02-14 12:27:33', '2020-02-14 12:50:41', '2020-02-14 12:36:44', '2020-02-14 13:30:36'),
	(6238, '602080667.158001', 3000, '2020-02-14 12:18:09', '2020-02-14 13:01:46', '2020-02-14 12:32:38', '2020-02-14 13:37:47'),
	(6239, '602080997.236696', 2150, '2020-02-14 12:34:16', '2020-02-14 13:03:00', '2020-02-14 12:44:11', '2020-02-14 13:43:17'),
	(6240, '602082198.678288', 2400, '2020-02-14 13:07:05', '2020-02-14 13:39:52', '2020-02-14 13:18:11', '2020-02-14 14:03:18'),
	(6241, '602082243.073497', 1500, '2020-02-14 13:09:57', '2020-02-14 13:37:45', '2020-02-14 13:20:46', '2020-02-14 14:04:03'),
	(6242, '602082298.478834', 2150, '2020-02-14 12:43:07', '2020-02-14 13:23:45', '2020-02-14 12:48:51', '2020-02-14 14:04:58'),
	(6243, '602082440.761972', 2400, '2020-02-14 13:10:26', '2020-02-14 13:35:11', '2020-02-14 13:21:40', '2020-02-14 14:07:20'),
	(6244, '602082557.235343', 1150, '2020-02-14 12:45:17', '2020-02-14 13:27:08', '2020-02-14 12:59:14', '2020-02-14 14:09:17'),
	(6245, '602082593.016246', 1000, '2020-02-14 13:00:30', '2020-02-14 13:25:33', '2020-02-14 13:11:36', '2020-02-14 14:09:53'),
	(6246, '602082599.976017', 1000, '2020-02-14 13:10:06', '2020-02-14 13:44:48', '2020-02-14 13:18:44', '2020-02-14 14:09:59'),
	(6247, '602082643.364104', 2000, '2020-02-14 13:04:22', '2020-02-14 13:47:46', '2020-02-14 13:19:16', '2020-02-14 14:10:43'),
	(6248, '602082653.082916', 900, '2020-02-14 12:43:45', '2020-02-14 13:26:42', '2020-02-14 12:57:22', '2020-02-14 14:10:53'),
	(6249, '602083068.620638', 2000, '2020-02-14 13:11:13', '2020-02-14 13:45:44', '2020-02-14 13:19:36', '2020-02-14 14:17:48'),
	(6250, '602083277.454591', 1000, '2020-02-14 13:09:45', '2020-02-14 13:48:28', '2020-02-14 13:15:48', '2020-02-14 14:21:17'),
	(6251, '602083370.001459', 5150, '2020-02-14 13:24:56', '2020-02-14 13:59:58', '2020-02-14 13:35:01', '2020-02-14 14:22:50'),
	(6252, '602084251.355623', 800, '2020-02-14 13:52:30', '2020-02-14 14:16:35', '2020-02-14 13:59:50', '2020-02-14 14:37:31'),
	(6253, '602084866.60898', 2700, '2020-02-14 13:31:24', '2020-02-14 14:06:43', '2020-02-14 13:42:46', '2020-02-14 14:47:46'),
	(6254, '602086171.571723', 2000, '2020-02-14 14:02:41', '2020-02-14 14:47:04', '2020-02-14 14:12:34', '2020-02-14 15:09:31'),
	(6266, '602163933.145483', 800, '2020-02-15 11:35:33', '2020-02-15 12:01:28', '2020-02-15 11:45:51', '2020-02-15 12:45:33'),
	(6267, '602165208.077755', 1200, '2020-02-15 12:12:10', '2020-02-15 12:33:40', '2020-02-15 12:19:01', '2020-02-15 13:06:48'),
	(6268, '602166130.847293', 1800, '2020-02-15 12:19:02', '2020-02-15 12:43:46', '2020-02-15 12:27:25', '2020-02-15 13:22:10'),
	(6269, '602166489.260448', 2200, '2020-02-15 12:31:19', '2020-02-15 13:05:34', '2020-02-15 12:37:43', '2020-02-15 13:28:09'),
	(6270, '602167242.747355', 1200, '2020-02-15 12:30:56', '2020-02-15 13:12:56', '2020-02-15 12:42:44', '2020-02-15 13:40:42'),
	(6271, '602167258.027202', 900, '2020-02-15 12:27:35', '2020-02-15 13:14:54', '2020-02-15 12:42:27', '2020-02-15 13:40:58'),
	(6272, '602167321.45953', 1800, '2020-02-15 12:49:23', '2020-02-15 13:14:57', '2020-02-15 13:03:18', '2020-02-15 13:42:01'),
	(6273, '602167345.84531', 1000, '2020-02-15 12:29:25', '2020-02-15 13:05:17', '2020-02-15 12:39:23', '2020-02-15 13:42:25'),
	(6274, '602167382.187419', 800, '2020-02-15 12:20:51', '2020-02-15 13:08:32', '2020-02-15 12:33:56', '2020-02-15 13:43:02'),
	(6275, '602168357.17571', 5000, '2020-02-15 12:57:22', '2020-02-15 13:18:12', '2020-02-15 13:07:56', '2020-02-15 13:59:17'),
	(6276, '602169160.383824', 1100, '2020-02-15 13:19:39', '2020-02-15 13:40:46', '2020-02-15 13:28:14', '2020-02-15 14:12:40'),
	(6277, '602169193.350981', 900, '2020-02-15 13:03:46', '2020-02-15 13:31:56', '2020-02-15 13:10:01', '2020-02-15 14:13:13'),
	(6278, '602169207.039888', 900, '2020-02-15 13:10:16', '2020-02-15 13:32:44', '2020-02-15 13:20:44', '2020-02-15 14:13:27'),
	(6279, '602169238.433792', 1400, '2020-02-15 12:56:22', '2020-02-15 13:39:14', '2020-02-15 13:04:57', '2020-02-15 14:13:58'),
	(6280, '602169713.358428', 2150, '2020-02-15 13:18:25', '2020-02-15 13:50:19', '2020-02-15 13:24:57', '2020-02-15 14:21:53'),
	(6281, '602170203.150238', 800, '2020-02-15 13:30:32', '2020-02-15 13:56:25', '2020-02-15 13:42:26', '2020-02-15 14:30:03'),
	(6282, '602170230.190955', 1800, '2020-02-15 13:13:16', '2020-02-15 14:02:04', '2020-02-15 13:28:14', '2020-02-15 14:30:30'),
	(6283, '602170315.849931', 1150, '2020-02-15 13:39:16', '2020-02-15 14:10:38', '2020-02-15 13:53:22', '2020-02-15 14:31:55'),
	(6284, '602170393.642528', 2200, '2020-02-15 13:31:37', '2020-02-15 14:07:03', '2020-02-15 13:42:14', '2020-02-15 14:33:13'),
	(6285, '602170446.238874', 1150, '2020-02-15 13:54:03', '2020-02-15 14:12:08', '2020-02-15 13:59:51', '2020-02-15 14:34:06'),
	(6286, '602170468.273997', 2450, '2020-02-15 13:18:57', '2020-02-15 13:58:07', '2020-02-15 13:31:06', '2020-02-15 14:34:28'),
	(6287, '602170527.554738', 1300, '2020-02-15 13:53:01', '2020-02-15 14:14:36', '2020-02-15 14:01:24', '2020-02-15 14:35:27'),
	(6288, '602170538.095746', 1150, '2020-02-15 13:35:00', '2020-02-15 14:10:23', '2020-02-15 13:45:27', '2020-02-15 14:35:38'),
	(6289, '602170942.594879', 2000, '2020-02-15 13:21:27', '2020-02-15 13:58:42', '2020-02-15 13:33:34', '2020-02-15 14:42:22'),
	(6290, '602173126.501428', 2350, '2020-02-15 14:26:07', '2020-02-15 14:56:10', '2020-02-15 14:40:20', '2020-02-15 15:18:46'),
	(6313, '602422503.011276', 1000, '2020-02-18 11:29:27', '2020-02-18 11:58:02', '2020-02-18 11:39:13', '2020-02-18 12:35:03'),
	(6314, '602423643.153623', 800, '2020-02-18 12:08:58', '2020-02-18 12:31:44', '2020-02-18 12:20:08', '2020-02-18 12:54:03'),
	(6315, '602425327.931907', 5950, '2020-02-18 12:23:33', '2020-02-18 12:51:38', '2020-02-18 12:35:07', '2020-02-18 13:22:07'),
	(6316, '602425498.57581', 1700, '2020-02-18 12:22:18', '2020-02-18 12:44:26', '2020-02-18 12:31:38', '2020-02-18 13:24:58'),
	(6317, '602425553.315881', 1700, '2020-02-18 12:08:15', '2020-02-18 12:44:41', '2020-02-18 12:15:15', '2020-02-18 13:25:53'),
	(6318, '602425580.676626', 1800, '2020-02-18 12:11:07', '2020-02-18 12:46:55', '2020-02-18 12:23:06', '2020-02-18 13:26:20'),
	(6319, '602425637.755838', 2200, '2020-02-18 12:24:06', '2020-02-18 12:58:49', '2020-02-18 12:38:02', '2020-02-18 13:27:17'),
	(6320, '602425963.545394', 3600, '2020-02-18 12:32:23', '2020-02-18 13:03:35', '2020-02-18 12:41:05', '2020-02-18 13:32:43'),
	(6321, '602426236.351349', 6300, '2020-02-18 12:35:13', '2020-02-18 12:57:02', '2020-02-18 12:41:56', '2020-02-18 13:37:16'),
	(6322, '602426742.191752', 2000, '2020-02-18 12:26:21', '2020-02-18 13:01:56', '2020-02-18 12:38:52', '2020-02-18 13:45:42'),
	(6323, '602426927.660701', 2150, '2020-02-18 13:03:11', '2020-02-18 13:20:39', '2020-02-18 13:10:37', '2020-02-18 13:48:47'),
	(6324, '602427529.380366', 900, '2020-02-18 12:43:55', '2020-02-18 13:19:27', '2020-02-18 12:58:31', '2020-02-18 13:58:49'),
	(6325, '602428216.076781', 2200, '2020-02-18 13:07:28', '2020-02-18 13:27:50', '2020-02-18 13:13:13', '2020-02-18 14:10:16'),
	(6326, '602428732.29365', 1950, '2020-02-18 13:19:34', '2020-02-18 13:54:47', '2020-02-18 13:29:32', '2020-02-18 14:18:52'),
	(6337, '602512821.439455', 2000, '2020-02-19 12:35:13', '2020-02-19 13:14:04', '2020-02-19 12:40:17', '2020-02-19 13:40:21'),
	(6338, '602513606.630413', 800, '2020-02-19 12:46:30', '2020-02-19 13:20:42', '2020-02-19 12:55:29', '2020-02-19 13:53:26'),
	(6339, '602513703.373929', 900, '2020-02-19 12:45:48', '2020-02-19 13:15:16', '2020-02-19 13:00:32', '2020-02-19 13:55:03'),
	(6340, '602514457.99524', 1200, '2020-02-19 13:12:09', '2020-02-19 13:36:54', '2020-02-19 13:23:54', '2020-02-19 14:07:37'),
	(6341, '602514548.647048', 0, '2020-02-19 13:09:34', '2020-02-19 13:29:53', '2020-02-19 13:19:05', '2020-02-19 14:09:08'),
	(6342, '602514615.199863', 1000, '2020-02-19 12:58:44', '2020-02-19 13:36:06', '2020-02-19 13:06:07', '2020-02-19 14:10:15'),
	(6343, '602514738.673787', 1000, '2020-02-19 12:53:23', '2020-02-19 13:39:20', '2020-02-19 13:06:45', '2020-02-19 14:12:18'),
	(6344, '602514794.589443', 900, '2020-02-19 13:08:12', '2020-02-19 13:30:50', '2020-02-19 13:17:52', '2020-02-19 14:13:14'),
	(6345, '602514822.245335', 800, '2020-02-19 12:45:13', '2020-02-19 13:30:36', '2020-02-19 12:58:30', '2020-02-19 14:13:42'),
	(6346, '602514889.195119', 6700, '2020-02-19 13:07:27', '2020-02-19 13:31:28', '2020-02-19 13:19:51', '2020-02-19 14:14:49'),
	(6347, '602515292.471127', 2400, '2020-02-19 13:05:10', '2020-02-19 13:39:07', '2020-02-19 13:12:19', '2020-02-19 14:21:32'),
	(6348, '602515642.901548', 2500, '2020-02-19 13:22:38', '2020-02-19 13:50:21', '2020-02-19 13:36:12', '2020-02-19 14:27:22'),
	(6349, '602515862.961829', 1800, '2020-02-19 13:11:27', '2020-02-19 13:53:09', '2020-02-19 13:22:49', '2020-02-19 14:31:02'),
	(6350, '602516382.713694', 900, '2020-02-19 13:30:57', '2020-02-19 14:06:21', '2020-02-19 13:42:06', '2020-02-19 14:39:42'),
	(6351, '602516583.579049', 4550, '2020-02-19 13:43:04', '2020-02-19 14:09:58', '2020-02-19 13:49:43', '2020-02-19 14:43:03'),
	(6352, '602516697.293657', 750, '2020-02-19 13:51:13', '2020-02-19 14:24:33', '2020-02-19 14:06:03', '2020-02-19 14:44:57'),
	(6353, '602517087.84152', 1050, '2020-02-19 13:47:44', '2020-02-19 14:18:42', '2020-02-19 13:56:56', '2020-02-19 14:51:27'),
	(6354, '602597404.64265', 1050, '2020-02-20 12:12:40', '2020-02-20 12:37:30', '2020-02-20 12:19:10', '2020-02-20 13:10:04'),
	(6355, '602597743.876803', 2450, '2020-02-20 12:04:48', '2020-02-20 12:31:07', '2020-02-20 12:14:43', '2020-02-20 13:15:43'),
	(6356, '602598368.43276', 1250, '2020-02-20 12:33:44', '2020-02-20 12:55:50', '2020-02-20 12:38:50', '2020-02-20 13:26:08'),
	(6357, '602598558.846419', 3000, '2020-02-20 12:30:04', '2020-02-20 13:06:37', '2020-02-20 12:40:48', '2020-02-20 13:29:18'),
	(6358, '602599957.896164', 1800, '2020-02-20 12:53:40', '2020-02-20 13:25:06', '2020-02-20 13:07:02', '2020-02-20 13:52:37'),
	(6359, '602599971.003382', 900, '2020-02-20 12:50:39', '2020-02-20 13:28:15', '2020-02-20 13:00:20', '2020-02-20 13:52:51'),
	(6360, '602599988.333774', 1000, '2020-02-20 12:54:03', '2020-02-20 13:32:44', '2020-02-20 13:07:21', '2020-02-20 13:53:08'),
	(6361, '602600001.425377', 0, '2020-02-20 12:34:28', '2020-02-20 13:20:07', '2020-02-20 12:46:56', '2020-02-20 13:53:21'),
	(6362, '602600019.932075', 1000, '2020-02-20 12:41:28', '2020-02-20 13:18:41', '2020-02-20 12:48:56', '2020-02-20 13:53:39'),
	(6363, '602600033.827678', 1000, '2020-02-20 12:54:35', '2020-02-20 13:23:43', '2020-02-20 13:09:29', '2020-02-20 13:53:53'),
	(6364, '602600112.445939', 1900, '2020-02-20 13:00:17', '2020-02-20 13:29:17', '2020-02-20 13:07:23', '2020-02-20 13:55:12'),
	(6365, '602600318.502237', 2200, '2020-02-20 12:36:54', '2020-02-20 13:14:32', '2020-02-20 12:42:41', '2020-02-20 13:58:38'),
	(6366, '602600557.803648', 1800, '2020-02-20 12:53:39', '2020-02-20 13:39:52', '2020-02-20 13:06:20', '2020-02-20 14:02:37'),
	(6367, '602600760.413892', 3350, '2020-02-20 13:06:21', '2020-02-20 13:29:33', '2020-02-20 13:17:26', '2020-02-20 14:06:00'),
	(6368, '602601424.471194', 1150, '2020-02-20 12:55:44', '2020-02-20 13:33:03', '2020-02-20 13:08:04', '2020-02-20 14:17:04'),
	(6369, '602601538.754549', 800, '2020-02-20 12:56:13', '2020-02-20 13:38:15', '2020-02-20 13:09:40', '2020-02-20 14:18:58'),
	(6370, '602601561.705539', 2250, '2020-02-20 13:14:38', '2020-02-20 13:52:50', '2020-02-20 13:19:53', '2020-02-20 14:19:21'),
	(6371, '602602356.131345', 2000, '2020-02-20 13:22:08', '2020-02-20 13:52:06', '2020-02-20 13:33:02', '2020-02-20 14:32:36'),
	(6372, '602602473.169246', 1250, '2020-02-20 13:41:24', '2020-02-20 14:06:36', '2020-02-20 13:55:09', '2020-02-20 14:34:33'),
	(6373, '602602520.200741', 1050, '2020-02-20 13:45:55', '2020-02-20 14:12:04', '2020-02-20 13:57:00', '2020-02-20 14:35:20'),
	(6374, '602604328.616422', 3900, '2020-02-20 13:47:55', '2020-02-20 14:28:01', '2020-02-20 13:57:03', '2020-02-20 15:05:28'),
	(6375, '602604503.102046', 1250, '2020-02-20 14:13:47', '2020-02-20 14:45:53', '2020-02-20 14:21:14', '2020-02-20 15:08:23'),
	(6377, '602683492.252946', 800, '2020-02-21 11:59:27', '2020-02-21 12:34:42', '2020-02-21 12:14:20', '2020-02-21 13:04:52'),
	(6378, '602683515.261934', 800, '2020-02-21 12:01:58', '2020-02-21 12:26:55', '2020-02-21 12:09:00', '2020-02-21 13:05:15'),
	(6379, '602684288.272439', 1000, '2020-02-21 12:22:58', '2020-02-21 12:46:59', '2020-02-21 12:28:32', '2020-02-21 13:18:08'),
	(6380, '602684779.293723', 800, '2020-02-21 12:25:18', '2020-02-21 13:05:32', '2020-02-21 12:37:01', '2020-02-21 13:26:19'),
	(6381, '602685136.911921', 1150, '2020-02-21 12:17:43', '2020-02-21 12:51:49', '2020-02-21 12:24:35', '2020-02-21 13:32:16'),
	(6382, '602685147.618854', 1150, '2020-02-21 12:17:40', '2020-02-21 12:47:33', '2020-02-21 12:31:53', '2020-02-21 13:32:27'),
	(6383, '602685398.893385', 1100, '2020-02-21 12:46:17', '2020-02-21 13:03:26', '2020-02-21 12:51:48', '2020-02-21 13:36:38'),
	(6384, '602685452.410912', 4550, '2020-02-21 12:25:08', '2020-02-21 13:01:15', '2020-02-21 12:35:05', '2020-02-21 13:37:32'),
	(6385, '602685770.137987', 2500, '2020-02-21 12:46:56', '2020-02-21 13:06:02', '2020-02-21 12:55:07', '2020-02-21 13:42:50'),
	(6386, '602685996.031165', 1250, '2020-02-21 12:54:18', '2020-02-21 13:16:27', '2020-02-21 13:00:22', '2020-02-21 13:46:36'),
	(6387, '602686049.284957', 1250, '2020-02-21 13:03:36', '2020-02-21 13:27:04', '2020-02-21 13:14:23', '2020-02-21 13:47:29'),
	(6388, '602686265.006479', 1900, '2020-02-21 12:28:34', '2020-02-21 13:09:29', '2020-02-21 12:39:17', '2020-02-21 13:51:05'),
	(6389, '602686597.192392', 1000, '2020-02-21 12:55:39', '2020-02-21 13:29:50', '2020-02-21 13:01:52', '2020-02-21 13:56:37'),
	(6390, '602686603.382786', 1000, '2020-02-21 12:49:21', '2020-02-21 13:17:37', '2020-02-21 13:03:21', '2020-02-21 13:56:43'),
	(6391, '602686782.765279', 2000, '2020-02-21 13:05:48', '2020-02-21 13:39:31', '2020-02-21 13:12:07', '2020-02-21 13:59:42'),
	(6392, '602688092.267785', 2400, '2020-02-21 12:54:08', '2020-02-21 13:42:55', '2020-02-21 13:08:43', '2020-02-21 14:21:32'),
	(6393, '602688202.661613', 2000, '2020-02-21 13:08:04', '2020-02-21 13:45:51', '2020-02-21 13:17:02', '2020-02-21 14:23:22'),
	(6394, '602688553.093199', 800, '2020-02-21 13:24:52', '2020-02-21 14:02:28', '2020-02-21 13:30:58', '2020-02-21 14:29:13'),
	(6395, '602688790.057248', 1950, '2020-02-21 13:47:19', '2020-02-21 14:06:59', '2020-02-21 13:55:56', '2020-02-21 14:33:10'),
	(6396, '602689042.675048', 1250, '2020-02-21 13:31:04', '2020-02-21 14:06:39', '2020-02-21 13:40:52', '2020-02-21 14:37:22'),
	(6397, '602689460.359654', 1600, '2020-02-21 13:55:24', '2020-02-21 14:14:20', '2020-02-21 14:03:33', '2020-02-21 14:44:20'),
	(6398, '602689574.742564', 2500, '2020-02-21 13:45:32', '2020-02-21 14:08:23', '2020-02-21 13:51:52', '2020-02-21 14:46:14'),
	(6399, '602689801.648496', 2850, '2020-02-21 13:53:12', '2020-02-21 14:20:46', '2020-02-21 14:05:28', '2020-02-21 14:50:01'),
	(6400, '602689999.023912', 6500, '2020-02-21 13:51:20', '2020-02-21 14:15:36', '2020-02-21 13:58:38', '2020-02-21 14:53:19'),
	(6401, '602690044.256045', 1950, '2020-02-21 13:39:36', '2020-02-21 14:23:15', '2020-02-21 13:54:21', '2020-02-21 14:54:04'),
	(6408, '602768448.121839', 1600, '2020-02-22 11:39:24', '2020-02-22 12:19:51', '2020-02-22 11:46:14', '2020-02-22 12:40:48'),
	(6409, '602768996.784912', 1050, '2020-02-22 11:31:13', '2020-02-22 12:07:36', '2020-02-22 11:46:11', '2020-02-22 12:49:56'),
	(6410, '602769015.544525', 1000, '2020-02-22 11:50:55', '2020-02-22 12:21:26', '2020-02-22 12:00:14', '2020-02-22 12:50:15'),
	(6411, '602769304.39486', 700, '2020-02-22 11:54:34', '2020-02-22 12:32:59', '2020-02-22 12:01:14', '2020-02-22 12:55:04'),
	(6412, '602769972.584228', 1800, '2020-02-22 12:16:36', '2020-02-22 12:37:13', '2020-02-22 12:27:01', '2020-02-22 13:06:12'),
	(6413, '602770386.301196', 1000, '2020-02-22 12:11:35', '2020-02-22 12:39:26', '2020-02-22 12:18:42', '2020-02-22 13:13:06'),
	(6414, '602770784.516959', 800, '2020-02-22 12:20:56', '2020-02-22 12:43:20', '2020-02-22 12:30:13', '2020-02-22 13:19:44'),
	(6415, '602772278.257366', 2300, '2020-02-22 12:40:08', '2020-02-22 13:08:36', '2020-02-22 12:50:15', '2020-02-22 13:44:38'),
	(6416, '602773023.215461', 1700, '2020-02-22 13:06:01', '2020-02-22 13:31:07', '2020-02-22 13:13:44', '2020-02-22 13:57:03'),
	(6417, '602773061.294782', 1350, '2020-02-22 12:55:52', '2020-02-22 13:31:04', '2020-02-22 13:09:09', '2020-02-22 13:57:41'),
	(6418, '602773135.252187', 900, '2020-02-22 12:52:58', '2020-02-22 13:23:40', '2020-02-22 13:01:14', '2020-02-22 13:58:55'),
	(6419, '602773192.239949', 1350, '2020-02-22 13:15:30', '2020-02-22 13:33:26', '2020-02-22 13:21:59', '2020-02-22 13:59:52'),
	(6420, '602773225.517048', 1900, '2020-02-22 12:46:27', '2020-02-22 13:28:59', '2020-02-22 12:59:04', '2020-02-22 14:00:25'),
	(6421, '602773261.80769', 1950, '2020-02-22 12:49:14', '2020-02-22 13:28:10', '2020-02-22 12:57:53', '2020-02-22 14:01:01'),
	(6422, '602773290.694632', 2150, '2020-02-22 12:59:29', '2020-02-22 13:36:34', '2020-02-22 13:09:54', '2020-02-22 14:01:30'),
	(6423, '602773441.754286', 6000, '2020-02-22 12:49:14', '2020-02-22 13:32:52', '2020-02-22 13:00:21', '2020-02-22 14:04:01'),
	(6424, '602773909.694891', 2900, '2020-02-22 13:03:54', '2020-02-22 13:35:50', '2020-02-22 13:13:17', '2020-02-22 14:11:49'),
	(6425, '602774596.643292', 2500, '2020-02-22 13:03:04', '2020-02-22 13:41:50', '2020-02-22 13:11:38', '2020-02-22 14:23:16'),
	(6426, '602774855.995669', 800, '2020-02-22 13:25:14', '2020-02-22 13:58:18', '2020-02-22 13:34:55', '2020-02-22 14:27:35'),
	(6427, '602774893.563215', 2400, '2020-02-22 13:37:04', '2020-02-22 14:01:09', '2020-02-22 13:44:49', '2020-02-22 14:28:13'),
	(6428, '602775141.476197', 1800, '2020-02-22 13:23:40', '2020-02-22 14:04:51', '2020-02-22 13:38:19', '2020-02-22 14:32:21'),
	(6429, '602775526.410652', 1250, '2020-02-22 13:33:44', '2020-02-22 14:02:28', '2020-02-22 13:38:48', '2020-02-22 14:38:46'),
	(6430, '602775780.958212', 2500, '2020-02-22 13:38:49', '2020-02-22 14:13:57', '2020-02-22 13:45:11', '2020-02-22 14:43:00'),
	(6461, '603028774.732108', 800, '2020-02-25 11:53:46', '2020-02-25 12:18:14', '2020-02-25 12:05:24', '2020-02-25 12:59:34'),
	(6462, '603030056.494562', 2100, '2020-02-25 12:24:27', '2020-02-25 12:56:24', '2020-02-25 12:38:32', '2020-02-25 13:20:56'),
	(6463, '603030265.412421', 4800, '2020-02-25 12:29:21', '2020-02-25 12:55:46', '2020-02-25 12:39:55', '2020-02-25 13:24:25'),
	(6464, '603030427.522287', 1000, '2020-02-25 12:41:19', '2020-02-25 13:02:28', '2020-02-25 12:46:51', '2020-02-25 13:27:07'),
	(6465, '603030823.386752', 1100, '2020-02-25 12:19:51', '2020-02-25 12:51:25', '2020-02-25 12:30:51', '2020-02-25 13:33:43'),
	(6466, '603031069.918703', 1800, '2020-02-25 12:20:47', '2020-02-25 12:55:13', '2020-02-25 12:34:12', '2020-02-25 13:37:49'),
	(6467, '603031377.886113', 800, '2020-02-25 12:19:26', '2020-02-25 13:01:52', '2020-02-25 12:28:32', '2020-02-25 13:42:57'),
	(6468, '603031404.31229', 2150, '2020-02-25 12:41:52', '2020-02-25 13:10:48', '2020-02-25 12:52:07', '2020-02-25 13:43:24'),
	(6469, '603031468.863132', 12800, '2020-02-25 12:17:19', '2020-02-25 12:59:40', '2020-02-25 12:26:17', '2020-02-25 13:44:28'),
	(6470, '603031515.015799', 3300, '2020-02-25 12:39:02', '2020-02-25 13:14:01', '2020-02-25 12:48:09', '2020-02-25 13:45:15'),
	(6471, '603031749.794409', 2900, '2020-02-25 12:49:36', '2020-02-25 13:22:25', '2020-02-25 13:03:15', '2020-02-25 13:49:09'),
	(6472, '603033505.139885', 900, '2020-02-25 12:54:11', '2020-02-25 13:33:26', '2020-02-25 13:00:08', '2020-02-25 14:18:25'),
	(6473, '603033528.607699', 500, '2020-02-25 13:16:18', '2020-02-25 13:54:05', '2020-02-25 13:30:06', '2020-02-25 14:18:48'),
	(6474, '603034551.009381', 1600, '2020-02-25 13:36:01', '2020-02-25 13:52:13', '2020-02-25 13:42:11', '2020-02-25 14:35:51'),
	(6475, '603037131.486054', 5400, '2020-02-25 14:22:08', '2020-02-25 14:54:48', '2020-02-25 14:36:35', '2020-02-25 15:18:51'),
	(6476, '603037998.943783', 6450, '2020-02-25 14:14:14', '2020-02-25 14:48:58', '2020-02-25 14:22:57', '2020-02-25 15:33:18'),
	(6477, '603039581.051433', 5500, '2020-02-25 15:09:28', '2020-02-25 15:30:09', '2020-02-25 15:14:45', '2020-02-25 15:59:41'),
	(6478, '603115042.048954', 800, '2020-02-26 11:53:27', '2020-02-26 12:12:43', '2020-02-26 11:58:43', '2020-02-26 12:57:22'),
	(6479, '603115489.842509', 2600, '2020-02-26 12:05:49', '2020-02-26 12:25:07', '2020-02-26 12:11:19', '2020-02-26 13:04:49'),
	(6480, '603115703.209511', 2800, '2020-02-26 12:00:05', '2020-02-26 12:23:50', '2020-02-26 12:06:48', '2020-02-26 13:08:23'),
	(6481, '603116327.485819', 2000, '2020-02-26 11:59:21', '2020-02-26 12:45:10', '2020-02-26 12:11:27', '2020-02-26 13:18:47'),
	(6482, '603117030.577942', 1800, '2020-02-26 12:13:08', '2020-02-26 12:51:00', '2020-02-26 12:18:28', '2020-02-26 13:30:30'),
	(6483, '603117579.74883', 800, '2020-02-26 12:41:09', '2020-02-26 13:13:03', '2020-02-26 12:46:33', '2020-02-26 13:39:39'),
	(6484, '603118714.352247', 2800, '2020-02-26 12:43:04', '2020-02-26 13:14:01', '2020-02-26 12:49:06', '2020-02-26 13:58:34'),
	(6485, '603118725.518453', 3500, '2020-02-26 13:16:49', '2020-02-26 13:35:48', '2020-02-26 13:25:45', '2020-02-26 13:58:45'),
	(6486, '603118769.437349', 2450, '2020-02-26 12:56:11', '2020-02-26 13:23:21', '2020-02-26 13:07:47', '2020-02-26 13:59:29'),
	(6487, '603118924.369443', 800, '2020-02-26 13:01:23', '2020-02-26 13:20:17', '2020-02-26 13:07:35', '2020-02-26 14:02:04'),
	(6488, '603118976.90505', 850, '2020-02-26 12:49:24', '2020-02-26 13:32:24', '2020-02-26 13:00:36', '2020-02-26 14:02:56'),
	(6489, '603119042.029234', 700, '2020-02-26 13:08:25', '2020-02-26 13:31:43', '2020-02-26 13:20:50', '2020-02-26 14:04:02'),
	(6490, '603119080.33986', 900, '2020-02-26 13:02:03', '2020-02-26 13:39:38', '2020-02-26 13:15:34', '2020-02-26 14:04:40'),
	(6491, '603119147.40063', 900, '2020-02-26 12:59:37', '2020-02-26 13:32:35', '2020-02-26 13:04:56', '2020-02-26 14:05:47'),
	(6492, '603119180.168071', 900, '2020-02-26 13:03:17', '2020-02-26 13:45:25', '2020-02-26 13:14:21', '2020-02-26 14:06:20'),
	(6493, '603119208.536672', 900, '2020-02-26 13:05:01', '2020-02-26 13:31:47', '2020-02-26 13:19:22', '2020-02-26 14:06:48'),
	(6494, '603119247.348139', 850, '2020-02-26 12:37:41', '2020-02-26 13:25:09', '2020-02-26 12:51:18', '2020-02-26 14:07:27'),
	(6495, '603119306.221421', 1800, '2020-02-26 12:59:58', '2020-02-26 13:31:58', '2020-02-26 13:09:57', '2020-02-26 14:08:26'),
	(6496, '603120636.396895', 800, '2020-02-26 13:17:28', '2020-02-26 13:55:07', '2020-02-26 13:31:33', '2020-02-26 14:30:36'),
	(6497, '603121113.07778', 1950, '2020-02-26 13:53:21', '2020-02-26 14:15:34', '2020-02-26 13:58:48', '2020-02-26 14:38:33'),
	(6498, '603121850.994771', 1000, '2020-02-26 13:34:11', '2020-02-26 14:12:21', '2020-02-26 13:44:14', '2020-02-26 14:50:50'),
	(6499, '603123211.919635', 1150, '2020-02-26 14:05:44', '2020-02-26 14:45:01', '2020-02-26 14:14:40', '2020-02-26 15:13:31'),
	(6500, '603201955.761009', 1350, '2020-02-27 11:52:03', '2020-02-27 12:33:53', '2020-02-27 12:01:32', '2020-02-27 13:05:55'),
	(6501, '603202543.654661', 2400, '2020-02-27 12:29:40', '2020-02-27 12:46:02', '2020-02-27 12:35:16', '2020-02-27 13:15:43'),
	(6502, '603202632.854246', 800, '2020-02-27 12:08:31', '2020-02-27 12:44:52', '2020-02-27 12:23:07', '2020-02-27 13:17:12'),
	(6503, '603202692.028212', 900, '2020-02-27 12:22:58', '2020-02-27 12:50:37', '2020-02-27 12:34:10', '2020-02-27 13:18:12'),
	(6504, '603202744.77032', 2000, '2020-02-27 12:18:55', '2020-02-27 12:58:06', '2020-02-27 12:26:06', '2020-02-27 13:19:04'),
	(6505, '603203175.77308', 2150, '2020-02-27 12:26:11', '2020-02-27 12:59:11', '2020-02-27 12:33:30', '2020-02-27 13:26:15'),
	(6506, '603203301.132431', 1700, '2020-02-27 12:28:26', '2020-02-27 13:00:54', '2020-02-27 12:38:30', '2020-02-27 13:28:21'),
	(6507, '603203373.41713', 900, '2020-02-27 12:15:08', '2020-02-27 12:53:28', '2020-02-27 12:28:32', '2020-02-27 13:29:33'),
	(6508, '603203405.666556', 900, '2020-02-27 12:27:42', '2020-02-27 13:02:02', '2020-02-27 12:39:31', '2020-02-27 13:30:05'),
	(6509, '603203431.699029', 900, '2020-02-27 12:11:52', '2020-02-27 12:53:30', '2020-02-27 12:25:44', '2020-02-27 13:30:31'),
	(6510, '603203576.473804', 400, '2020-02-27 12:41:45', '2020-02-27 13:02:01', '2020-02-27 12:50:41', '2020-02-27 13:32:56'),
	(6511, '603203648.770802', 900, '2020-02-27 12:49:11', '2020-02-27 13:10:36', '2020-02-27 12:57:14', '2020-02-27 13:34:08'),
	(6512, '603203810.356994', 900, '2020-02-27 12:35:39', '2020-02-27 13:06:53', '2020-02-27 12:44:05', '2020-02-27 13:36:50'),
	(6513, '603204382.365679', 1200, '2020-02-27 12:45:13', '2020-02-27 13:12:13', '2020-02-27 12:58:15', '2020-02-27 13:46:22'),
	(6514, '603204557.165801', 900, '2020-02-27 12:42:04', '2020-02-27 13:13:22', '2020-02-27 12:56:58', '2020-02-27 13:49:17'),
	(6515, '603204982.846076', 1900, '2020-02-27 12:43:42', '2020-02-27 13:24:13', '2020-02-27 12:54:04', '2020-02-27 13:56:22'),
	(6516, '603205191.230096', 1900, '2020-02-27 12:58:07', '2020-02-27 13:26:49', '2020-02-27 13:10:18', '2020-02-27 13:59:51'),
	(6517, '603205749.936555', 1050, '2020-02-27 12:58:29', '2020-02-27 13:45:29', '2020-02-27 13:13:18', '2020-02-27 14:09:09'),
	(6518, '603205758.946264', 1050, '2020-02-27 13:06:06', '2020-02-27 13:45:02', '2020-02-27 13:18:39', '2020-02-27 14:09:18'),
	(6519, '603205758.995176', 2100, '2020-02-27 13:00:20', '2020-02-27 13:38:57', '2020-02-27 13:13:37', '2020-02-27 14:09:18'),
	(6520, '603206846.852349', 200, '2020-02-27 13:27:09', '2020-02-27 13:53:29', '2020-02-27 13:40:55', '2020-02-27 14:27:26'),
	(6521, '603206893.34217', 800, '2020-02-27 13:13:40', '2020-02-27 13:54:29', '2020-02-27 13:27:39', '2020-02-27 14:28:13'),
	(6522, '603288192.830511', 2200, '2020-02-28 12:16:17', '2020-02-28 12:41:22', '2020-02-28 12:29:54', '2020-02-28 13:03:12'),
	(6523, '603288409.20058', 2550, '2020-02-28 12:00:49', '2020-02-28 12:28:51', '2020-02-28 12:11:59', '2020-02-28 13:06:49'),
	(6524, '603288967.08354', 2500, '2020-02-28 12:21:50', '2020-02-28 12:46:47', '2020-02-28 12:31:50', '2020-02-28 13:16:07'),
	(6525, '603289099.687152', 900, '2020-02-28 12:14:53', '2020-02-28 12:40:34', '2020-02-28 12:26:24', '2020-02-28 13:18:19'),
	(6526, '603289123.651278', 900, '2020-02-28 12:19:25', '2020-02-28 12:47:58', '2020-02-28 12:32:01', '2020-02-28 13:18:43'),
	(6527, '603289123.700391', 1800, '2020-02-28 12:17:29', '2020-02-28 12:58:13', '2020-02-28 12:30:56', '2020-02-28 13:18:43'),
	(6528, '603289158.476959', 2000, '2020-02-28 11:55:59', '2020-02-28 12:39:02', '2020-02-28 12:10:28', '2020-02-28 13:19:18'),
	(6529, '603289441.409457', 1700, '2020-02-28 12:06:07', '2020-02-28 12:39:11', '2020-02-28 12:13:11', '2020-02-28 13:24:01'),
	(6530, '603289789.053001', 1000, '2020-02-28 12:15:15', '2020-02-28 12:56:25', '2020-02-28 12:22:06', '2020-02-28 13:29:49'),
	(6531, '603290866.918897', 900, '2020-02-28 12:28:35', '2020-02-28 13:10:16', '2020-02-28 12:36:40', '2020-02-28 13:47:46'),
	(6532, '603291180.473956', 2400, '2020-02-28 12:25:46', '2020-02-28 13:10:43', '2020-02-28 12:40:40', '2020-02-28 13:53:00'),
	(6533, '603291254.10426', 2000, '2020-02-28 13:05:37', '2020-02-28 13:25:17', '2020-02-28 13:10:51', '2020-02-28 13:54:14'),
	(6534, '603291527.878125', 900, '2020-02-28 13:07:22', '2020-02-28 13:35:51', '2020-02-28 13:13:50', '2020-02-28 13:58:47'),
	(6535, '603291582.301172', 1080, '2020-02-28 12:43:28', '2020-02-28 13:26:54', '2020-02-28 12:55:05', '2020-02-28 13:59:42'),
	(6536, '603291628.279057', 1100, '2020-02-28 12:48:29', '2020-02-28 13:35:15', '2020-02-28 13:02:13', '2020-02-28 14:00:28'),
	(6537, '603291706.30315', 900, '2020-02-28 12:45:33', '2020-02-28 13:29:05', '2020-02-28 12:54:22', '2020-02-28 14:01:46'),
	(6538, '603292352.825495', 2800, '2020-02-28 13:07:21', '2020-02-28 13:29:44', '2020-02-28 13:15:14', '2020-02-28 14:12:32'),
	(6539, '603292585.018878', 2600, '2020-02-28 13:14:12', '2020-02-28 13:55:29', '2020-02-28 13:22:09', '2020-02-28 14:16:25'),
	(6540, '603293422.867847', 1300, '2020-02-28 13:34:43', '2020-02-28 13:59:04', '2020-02-28 13:45:51', '2020-02-28 14:30:22'),
	(6541, '603293865.437765', 1000, '2020-02-28 13:36:10', '2020-02-28 14:14:05', '2020-02-28 13:42:59', '2020-02-28 14:37:45'),
	(6542, '603293927.703493', 1000, '2020-02-28 13:32:46', '2020-02-28 14:09:19', '2020-02-28 13:38:27', '2020-02-28 14:38:47'),
	(6543, '603293936.42653', 0, '2020-02-28 13:28:33', '2020-02-28 14:07:35', '2020-02-28 13:41:33', '2020-02-28 14:38:56'),
	(6544, '603293957.595582', 1400, '2020-02-28 13:35:28', '2020-02-28 14:15:57', '2020-02-28 13:48:24', '2020-02-28 14:39:17'),
	(6545, '603294058.154909', 1150, '2020-02-28 13:38:00', '2020-02-28 14:13:22', '2020-02-28 13:48:41', '2020-02-28 14:40:58'),
	(6546, '603294130.15004', 3400, '2020-02-28 13:38:44', '2020-02-28 14:19:06', '2020-02-28 13:48:21', '2020-02-28 14:42:10'),
	(6547, '603295202.586745', 2350, '2020-02-28 13:51:50', '2020-02-28 14:22:32', '2020-02-28 14:02:51', '2020-02-28 15:00:02'),
	(6548, '603295290.886626', 2350, '2020-02-28 14:05:42', '2020-02-28 14:38:11', '2020-02-28 14:16:59', '2020-02-28 15:01:30'),
	(6549, '603295837.378874', 1600, '2020-02-28 14:16:11', '2020-02-28 14:36:32', '2020-02-28 14:24:34', '2020-02-28 15:10:37'),
	(6550, '603296057.231038', 2850, '2020-02-28 14:19:29', '2020-02-28 14:43:48', '2020-02-28 14:32:32', '2020-02-28 15:14:17'),
	(6551, '603297059.733791', 4200, '2020-02-28 14:45:17', '2020-02-28 15:00:47', '2020-02-28 14:50:23', '2020-02-28 15:30:59'),
	(6560, '603373810.156837', 800, '2020-02-29 11:26:03', '2020-02-29 12:10:37', '2020-02-29 11:37:25', '2020-02-29 12:50:10'),
	(6561, '603374952.544163', 2150, '2020-02-29 12:00:44', '2020-02-29 12:32:02', '2020-02-29 12:07:15', '2020-02-29 13:09:12'),
	(6562, '603375039.684723', 1950, '2020-02-29 12:20:37', '2020-02-29 12:48:29', '2020-02-29 12:34:06', '2020-02-29 13:10:39'),
	(6563, '603375238.344054', 800, '2020-02-29 12:19:09', '2020-02-29 12:44:36', '2020-02-29 12:32:04', '2020-02-29 13:13:58'),
	(6564, '603376367.605151', 3100, '2020-02-29 12:13:50', '2020-02-29 12:57:26', '2020-02-29 12:22:56', '2020-02-29 13:32:47'),
	(6565, '603377032.509039', 3550, '2020-02-29 12:23:30', '2020-02-29 13:00:13', '2020-02-29 12:35:15', '2020-02-29 13:43:52'),
	(6566, '603377510.208335', 3200, '2020-02-29 12:51:47', '2020-02-29 13:09:36', '2020-02-29 12:58:17', '2020-02-29 13:51:50'),
	(6567, '603377651.418455', 2000, '2020-02-29 12:45:03', '2020-02-29 13:18:58', '2020-02-29 12:57:16', '2020-02-29 13:54:11'),
	(6568, '603377797.268469', 900, '2020-02-29 13:06:04', '2020-02-29 13:27:15', '2020-02-29 13:12:40', '2020-02-29 13:56:37'),
	(6569, '603377823.451567', 900, '2020-02-29 13:01:43', '2020-02-29 13:35:51', '2020-02-29 13:13:04', '2020-02-29 13:57:03'),
	(6570, '603377836.996711', 900, '2020-02-29 13:12:11', '2020-02-29 13:34:22', '2020-02-29 13:24:09', '2020-02-29 13:57:16'),
	(6571, '603377894.321433', 900, '2020-02-29 12:53:49', '2020-02-29 13:27:21', '2020-02-29 13:04:38', '2020-02-29 13:58:14'),
	(6572, '603377936.602925', 900, '2020-02-29 12:42:06', '2020-02-29 13:18:12', '2020-02-29 12:55:15', '2020-02-29 13:58:56'),
	(6573, '603377950.426083', 900, '2020-02-29 12:58:13', '2020-02-29 13:18:07', '2020-02-29 13:06:31', '2020-02-29 13:59:10'),
	(6574, '603377976.034788', 900, '2020-02-29 12:45:21', '2020-02-29 13:21:33', '2020-02-29 12:52:25', '2020-02-29 13:59:36'),
	(6575, '603378024.676711', 900, '2020-02-29 13:06:57', '2020-02-29 13:38:18', '2020-02-29 13:12:23', '2020-02-29 14:00:24'),
	(6576, '603380165.579367', 1800, '2020-02-29 13:26:38', '2020-02-29 14:09:45', '2020-02-29 13:37:36', '2020-02-29 14:36:05'),
	(6577, '603380600.566789', 4250, '2020-02-29 13:46:25', '2020-02-29 14:22:57', '2020-02-29 13:59:58', '2020-02-29 14:43:20'),
	(6578, '603380839.684657', 2450, '2020-02-29 13:35:58', '2020-02-29 14:19:23', '2020-02-29 13:45:51', '2020-02-29 14:47:19'),
	(6579, '603381046.330384', 2700, '2020-02-29 13:49:45', '2020-02-29 14:17:14', '2020-02-29 14:03:30', '2020-02-29 14:50:46'),
	(6580, '603381120.273883', 1600, '2020-02-29 13:25:59', '2020-02-29 14:13:09', '2020-02-29 13:40:05', '2020-02-29 14:52:00'),
	(6581, '603381197.990776', 2300, '2020-02-29 14:01:11', '2020-02-29 14:29:35', '2020-02-29 14:15:29', '2020-02-29 14:53:17'),
	(6582, '603381220.306212', 2200, '2020-02-29 13:56:10', '2020-02-29 14:21:43', '2020-02-29 14:10:22', '2020-02-29 14:53:40'),
	(6583, '603381229.63064', 100, '2020-02-29 13:27:38', '2020-02-29 14:10:10', '2020-02-29 13:40:42', '2020-02-29 14:53:49'),
	(6584, '603381330.70039', 1800, '2020-02-29 13:52:04', '2020-02-29 14:28:07', '2020-02-29 13:59:49', '2020-02-29 14:55:30'),
	(6585, '603382368.580613', 2000, '2020-02-29 14:04:06', '2020-02-29 14:36:48', '2020-02-29 14:18:41', '2020-02-29 15:12:48');
/*!40000 ALTER TABLE `tavolo` ENABLE KEYS */;

/*!40101 SET SQL_MODE=IFNULL(@OLD_SQL_MODE, '') */;
/*!40014 SET FOREIGN_KEY_CHECKS=IF(@OLD_FOREIGN_KEY_CHECKS IS NULL, 1, @OLD_FOREIGN_KEY_CHECKS) */;
/*!40101 SET CHARACTER_SET_CLIENT=@OLD_CHARACTER_SET_CLIENT */;
